ID,QuestionType,Category,Part,Section,Question,A,B,C,D,Answer,Explanation,ReadingQuestion,Translation
1,コロケーション,業績・売上,Reading,Section1,新商品のヒットが売り上げに（　　　）。,貢献する,回復する,獲得する,転じる,1,貢献する = góp phần vào doanh thu,しんしょうひんのヒットがうりあげにこうけんする。,Sản phẩm mới thành công góp phần vào doanh thu.
2,コロケーション,業績・売上,Reading,Section1,海外市場での販売が好調で、売り上げが（　　　）。,落ち込む,悪化する,伸びる,転じる,3,売り上げが伸びる = doanh thu tăng,かいがいしじょうでのはんばいがこうちょうで、うりあげがのびる。,Doanh số ở thị trường nước ngoài thuận lợi nên doanh thu tăng.
3,コロケーション,業績・売上,Reading,Section1,景気低迷の影響で売り上げが（　　　）。,伸びる,落ち込む,回復する,拡大する,2,売り上げが落ち込む = doanh thu sụt giảm,けいきていめいのえいきょうでうりあげがおちこむ。,Do ảnh hưởng của suy thoái kinh tế nên doanh thu sụt giảm.
4,コロケーション,業績・売上,Reading,Section1,利益率の高い商品を増やして利益を（　　　）。,抱える,回復する,上げる,獲得する,3,利益を上げる = tăng lợi nhuận,りえきりつのたかいしょうひんをふやしてりえきをあげる。,Tăng số lượng sản phẩm có tỷ suất lợi nhuận cao để tăng lợi nhuận.
5,コロケーション,業績・売上,Reading,Section1,原材料費の高騰で業績が（　　　）。,回復する,悪化する,伸びる,貢献する,2,業績が悪化する = kết quả kinh doanh xấu đi,げんざいりょうひのこうとうでぎょうせきをあっかする。,Do giá nguyên vật liệu tăng nên kết quả kinh doanh xấu đi.
6,コロケーション,業績・売上,Reading,Section1,新戦略の効果で業績を（　　　）。,回復する,抱える,転じる,参入する,1,業績を回復する = khôi phục kết quả kinh doanh,しんせんりゃくのこうかでぎょうせきをかいふくする。,Nhờ hiệu quả của chiến lược mới mà kết quả kinh doanh được phục hồi.
7,コロケーション,業績・売上,Reading,Section1,営業活動を強化して業績を（　　　）。,悪化する,伸ばす,落ち込む,抱える,2,業績を伸ばす = nâng cao thành tích kinh doanh,えいぎょうかつどうをきょうかしてぎょうせきをのばす。,Tăng cường hoạt động kinh doanh để nâng cao thành tích kinh doanh.
8,コロケーション,業績・売上,Reading,Section1,来年度から海外市場に（　　　）計画だ。,獲得する,拡大する,参入する,貢献する,3,市場に参入する = tham gia thị trường,らいねんどからかいがいしじょうにさんにゅうするけいかくだ。,Có kế hoạch tham gia thị trường nước ngoài từ năm sau.
9,コロケーション,業績・売上,Reading,Section1,アジア地域でシェアを（　　　）。,回復する,拡大する,抱える,悪化する,2,シェアを拡大する = mở rộng thị phần,アジアちいきでシェアをかくだいする。,Mở rộng thị phần tại khu vực châu Á.
10,コロケーション,業績・売上,Reading,Section1,新サービスで若年層の顧客を（　　　）。,獲得する,落ち込む,転じる,伸びる,1,顧客を獲得する = thu hút khách hàng,しんサービスでじゃくねんそうのこきゃくをかくとくする。,Thu hút khách hàng trẻ bằng dịch vụ mới.
11,コロケーション,業績・売上,Reading,Section1,SNSで話題となり需要が（　　　）。,落ち込む,悪化する,高まる,抱える,3,需要が高まる = nhu cầu tăng lên,エスエヌエスでわだいとなり、じゅようがたかまる。,Trở thành chủ đề trên mạng xã hội nên nhu cầu tăng lên.
12,コロケーション,業績・売上,Reading,Section1,物価上昇の影響で消費が（　　　）。,高まる,落ち込む,拡大する,獲得する,2,消費が落ち込む = tiêu dùng sụt giảm,ぶっかじょうしょうのえいきょうでしょうひがおちこむ。,Do ảnh hưởng của lạm phát nên tiêu dùng sụt giảm.
13,コロケーション,業績・売上,Reading,Section1,大型投資の失敗で赤字を（　　　）。,回復する,転じる,抱える,高める,3,赤字を抱える = bị thâm hụt,おおがたとうしのしっぱいであかじをかかえる。,Do thất bại trong khoản đầu tư lớn nên bị thâm hụt.
14,コロケーション,業績・売上,Reading,Section1,コスト削減の結果、黒字に（　　　）。,参入する,転じる,獲得する,悪化する,2,黒字に転じる = chuyển sang có lãi,コストさくげんのけっか、くろじにてんじる。,Kết quả cắt giảm chi phí nên chuyển sang có lãi.
15,コロケーション,業績・売上,Reading,Section1,積極的な営業活動で顧客を（　　　）。,高める,伸ばす,獲得する,悪化する,3,顧客を獲得する = thu hút khách hàng,せっきょくてきなえいぎょうかつどうでこきゃくをかくとくする。,Nhờ hoạt động kinh doanh tích cực nên thu hút được khách hàng.
16,コロケーション,業績・売上,Reading,Section1,今年は売上高が好調で、前年を（　　　）。,下回る,上回る,達成する,回避する,2,売上高が前年を上回る = doanh thu năm nay vượt năm trước,ことしはうりあげだかがこうちょうで、ぜんねんをうわまわる。,"Năm nay doanh thu TỐT, vượt năm trước."
17,コロケーション,業績・売上,Reading,Section1,景気悪化の影響で売上高が前年を（　　　）。,上回る,活性化する,下回る,達成する,3,売上高が前年を下回る = doanh thu thấp hơn năm trước,けいきあっかのえいきょうでうりあげだかがぜんねんをしたまわる。,Do ảnh hưởng của suy thoái kinh tế nên doanh thu thấp hơn năm trước.
18,コロケーション,業績・売上,Reading,Section1,今期は売上目標を（　　　）ことができた。,達成する,下回る,回避する,削減する,1,売上目標を達成する = đạt mục tiêu doanh thu,こんきはうりあげもくひょうをたっせいすることができた。,Kỳ này đã đạt được mục tiêu doanh thu.
19,コロケーション,業績・売上,Reading,Section1,売上は増加したが、売上目標を（　　　）。,達成する,活性化する,上回る,下回る,4,売上目標を下回る = không đạt mục tiêu doanh thu,うりあげはぞうかしたが、うりあげもくひょうをしたまわった。,Doanh thu tăng nhưng không đạt mục tiêu doanh thu.
20,コロケーション,業績・売上,Reading,Section1,新商品の売れ行きが（　　　）、追加生産を検討している。,好調で,鈍い,さっぱりで,冷え込む,1,売れ行きが好調で = bán rất chạy,しんしょうひんのうれゆきがこうちょうで、ついきゅうせいさんをけんとうしている。,"Sản phẩm mới bán rất chạy, nên đang cân nhắc sản xuất bổ sung "
21,コロケーション,業績・売上,Reading,Section1,この商品は発売されたが、期待に反して売れ行きが（　　　）。,好調だ,活性化する,鈍い,増加する,3,売れ行きが鈍い = bán chậm,このしょうひんははつばいされたが、きたいにはんしてうれゆきがにぶい。,"Sản phẩm này đã được tung ra thị trường nhưng trái với kỳ vọng, sức tiêu thụ lại chậm."
22,コロケーション,業績・売上,Reading,Section1,広告を出したが売れ行きが（　　　）。,増加する,さっぱりだ,好調だ,活性化する,2,売れ行きがさっぱりだ = bán rất chậm,こうこくをだしたがうれゆきがさっぱりだ。,Đã quảng cáo nhưng vẫn bán rất chậm.
23,コロケーション,業績・売上,Reading,Section1,キャンペーンの効果で販売数が（　　　）。,増加する,減少する,冷え込む,下回る,1,販売数が増加する = số lượng bán tăng,キャンペーンのこうかではんばいすうがぞうかする。,Nhờ hiệu quả của chiến dịch khuyến mãi nên số lượng bán tăng.
24,コロケーション,業績・売上,Reading,Section1,値上げの影響で販売数が（　　　）。,増加する,活性化する,減少する,回避する,3,販売数が減少する = số lượng bán giảm,ねあげのえいきょうではんばいすうがげんしょうする。,Do ảnh hưởng của việc tăng giá nên số lượng bán giảm.
25,コロケーション,業績・売上,Reading,Section1,今年は販売数の前年割れを（　　　）ことができた。,回避する,獲得する,削減する,開拓する,1,前年割れを回避する = tránh được việc thấp hơn năm trước,ことしははんばいすうのぜんねんわれをかいひすることができた。,Năm nay đã tránh được việc doanh số thấp hơn năm trước.
26,コロケーション,業績・売上,Reading,Section1,物価高の影響で市場が（　　　）。,活性化する,回復する,冷え込む,増加する,3,市場が冷え込む = thị trường ảm đạm,ぶっかだかのえいきょうでしじょうがひえこむ。,Do ảnh hưởng của giá cả tăng cao nên thị trường trở nên ảm đạm.
27,コロケーション,業績・売上,Reading,Section1,新たな政策によって市場が（　　　）。,活性化する,冷え込む,落ち込む,減少する,1,市場が活性化する = thị trường sôi động,あらたなせいさくによってしじょうがかっせいかする。,Nhờ chính sách mới mà thị trường trở nên sôi động.
28,コロケーション,業績・売上,Reading,Section1,景気低迷のため需要が（　　　）。,高まる,落ち込む,活性化する,拡大する,2,需要が落ち込む = nhu cầu giảm mạnh,けいきていめいのためじゅようがおちこむ。,Do kinh tế trì trệ nên nhu cầu giảm mạnh.
29,コロケーション,業績・売上,Reading,Section1,営業部は新規顧客を（　　　）ため展示会に参加した。,回避する,開拓する,削減する,管理する,2,新規顧客を開拓する = khai thác khách hàng mới,えいぎょうぶはしんきこきゃくをかいたくするためてんじかいにさんかした。,Phòng kinh doanh tham gia triển lãm để khai thác khách hàng mới.
30,コロケーション,業績・売上,Reading,Section1,海外進出によって販路を（　　　）。,拡大する,減少する,回避する,下回る,1,販路を拡大する = mở rộng kênh tiêu thụ,かいがいしんしゅつによってはんろをかくだいする。,Nhờ mở rộng ra thị trường nước ngoài mà mở rộng được kênh tiêu thụ.
31,コロケーション,業績・売上,Reading,Section1,競合他社の参入で価格競争が（　　　）。,回復する,改善する,激化する,確保する,3,価格競争が激化する = cạnh tranh giá gay gắt,きょうごうたしゃのさんにゅうでかかくきょうそうがげきかする。,Do đối thủ cạnh tranh tham gia thị trường nên cuộc cạnh tranh giá cả trở nên gay gắt.
32,コロケーション,業績・売上,Reading,Section1,利益を確保するためコストを（　　　）。,活性化する,削減する,開拓する,獲得する,2,コストを削減する = cắt giảm chi phí,りえきをかくほするためコストをさくげんする。,Cắt giảm chi phí để đảm bảo lợi nhuận.
33,コロケーション,業績・売上,Reading,Section1,原価の見直しによって利益率を（　　　）。,確保する,改善する,獲得する,回復する,2,利益率を改善する = cải thiện tỷ suất lợi nhuận,げんかのみなおしによってりえきりつをかいぜんする。,Nhờ rà soát lại giá vốn nên cải thiện được tỷ suất lợi nhuận.
34,コロケーション,業績・売上,Reading,Section1,人件費が高すぎて採算が（　　　）。,確保する,合う,合わない,改善する,3,採算が合わない = không có lãi,じんけんひがたかすぎてさいさんがあわない。,Do chi phí nhân công quá cao nên không có lãi.
35,コロケーション,業績・売上,Reading,Section1,輸出の増加により景気が（　　　）。,落ち込む,低迷する,回復する,激化する,3,景気が回復する = kinh tế phục hồi,ゆしゅつのぞうかによりけいきがかいふくする。,Nhờ xuất khẩu tăng nên kinh tế phục hồi.
36,コロケーション,業績・売上,Reading,Section1,個人消費の低下で景気が（　　　）。,回復する,低迷する,確保する,改善する,2,景気が低迷する = kinh tế trì trệ,こじんしょうひのていかでけいきがていめいする。,Do tiêu dùng cá nhân giảm nên kinh tế trì trệ.
37,コロケーション,業績・売上,Reading,Section1,原油価格に高騰の兆しが（　　　）。,見えている,合う,獲得する,回復する,1,高騰の兆しが見えている = xuất hiện dấu hiệu tăng mạnh,げんゆかかくにこうとうのきざしがみえている。,Giá dầu thô đang xuất hiện dấu hiệu tăng mạnh.
38,コロケーション,業績・売上,Reading,Section1,新商品の成功で市場シェアを（　　　）。,確保する,回復する,獲得する,低迷する,3,市場シェアを獲得する = giành được thị phần,しんしょうひんのせいこうでしじょうシェアをかくとくする。,Nhờ thành công của sản phẩm mới mà giành được thị phần.
39,コロケーション,業績・売上,Reading,Section1,コスト削減によって利益率を（　　　）。,改善する,合う,落ち込む,見える,1,利益率を改善する = cải thiện tỷ suất lợi nhuận,コストさくげんによってりえきりつをかいぜんする。,Cải thiện tỷ suất lợi nhuận nhờ cắt giảm chi phí.
40,コロケーション,業績・売上,Reading,Section1,赤字事業を整理した結果、採算が（　　　）ようになった。,合わない,合う,低迷する,回復する,2,採算が合う = có lãi,あかじじぎょうをせいりしたけっか、さいさんがあうようになった。,"Sau khi sắp xếp lại các dự án thua lỗ, hoạt động đã có lãi."
41,コロケーション,業績・売上,Reading,Section1,経営の安定には収益を（　　　）ことが不可欠だ。,回復する,確保する,獲得する,合う,2,収益を確保する = đảm bảo lợi nhuận,けいえいのあんていにはしゅうえきをかくほすることがふかけつだ。,"Để ổn định hoạt động kinh doanh, việc đảm bảo lợi nhuận là điều không thể thiếu."
42,コロケーション,業績・売上,Reading,Section1,政府の経済対策により景気が（　　　）。,激化する,回復する,見える,合わない,2,景気が回復する = kinh tế phục hồi,せいふのけいざいたいさくによりけいきがかいふくする。,Nhờ các biện pháp kinh tế của chính phủ mà kinh tế phục hồi.
43,コロケーション,業績・売上,Reading,Section1,長引く不況で景気が（　　　）。,回復する,改善する,低迷する,獲得する,3,景気が低迷する = kinh tế trì trệ,ながびくふきょうでけいきがていめいする。,Kinh tế trì trệ do suy thoái kéo dài.
44,コロケーション,業績・売上,Reading,Section1,金価格に高騰の兆しが（　　　）。,確保する,合う,見えている,回復する,3,高騰の兆しが見えている = xuất hiện dấu hiệu tăng mạnh,きんかかくにこうとうのきざしがみえている。,Giá vàng đang xuất hiện dấu hiệu tăng mạnh.
45,コロケーション,業績・売上,Reading,Section1,新規顧客の獲得によって市場シェアが（　　　）。,低迷する,獲得する,拡大する,落ち込む,3,市場シェアが拡大する = thị phần được mở rộng,しんきこきゃくのかくとくによってしじょうシェアがかくだいする。,Việc thu hút được khách hàng mới đã giúp mở rộng thị phần.
46,コロケーション,業績・売上,Reading,Section1,競合他社との価格競争が激しく、今年度は（　　　）。,圧勝する,苦戦を強いられる,飛躍的に向上した,先細りする,2,苦戦を強いられる = buộc phải chật vật,きょうごうたしゃとのかかくきょうそうがはげしく、こんねんどはくせんをしいられる。,Do cạnh tranh giá với đối thủ gay gắt nên năm nay công ty buộc phải chật vật.
47,コロケーション,業績・売上,Reading,Section1,海外市場での販売が好調で、業績は（　　　）。,先細りする,圧勝する,飛躍的に向上した,一進一退が続く,3,飛躍的に向上した = tăng trưởng vượt bậc,かいがいしじょうでのはんばいがこうちょうで、ぎょうせきはひやくてきにこうじょうした。,"Nhờ doanh số tại thị trường nước ngoài khả quan, kết quả kinh doanh đã tăng trưởng vượt bậc."
48,コロケーション,業績・売上,Reading,Section1,国内市場の縮小により、主力事業は今後（　　　）恐れがある。,圧勝する,飛躍的に向上した,苦戦を強いられる,先細りする,4,先細りする = sẽ thu hẹp dần,こくないしじょうのしゅくしょうにより、しゅりょくじぎょうはこんごさきぼそりするおそれがある。,"Do thị trường trong nước thu hẹp, hoạt động kinh doanh chủ lực có nguy cơ sẽ suy giảm dần."
49,コロケーション,業績・売上,Reading,Section1,市場環境の変化を受け、売り上げは（　　　）。,飛躍的に向上した,一進一退が続く,圧勝する,先細りする,2,一進一退が続く = tiếp tục tăng giảm thất thường,しじょうかんきょうのへんかをうけ、うりあげはいっしんいったいがつづく。,"Do tác động của môi trường thị trường, doanh thu tiếp tục biến động lên xuống."
50,コロケーション,業績・売上,Reading,Section1,新製品は競合メーカーとの競争で（　　　）。,先細りした,苦戦を強いられた,飛躍的に向上した,圧勝した,4,圧勝する = thắng áp đảo,しんせいひんはきょうごうメーカーとのきょうそうであっしょうした。,Sản phẩm mới đã giành chiến thắng áp đảo trước các đối thủ cạnh tranh.
51,コロケーション,企画・プロジェクト,Reading,Section1,新商品の開発に向けて、まず計画を（　　　）。,立てる,固める,練る,把握する,1,計画を立てる = lập kế hoạch,しんしょうひんのかいはつにむけて、まずけいかくをたてる。,"Hướng tới việc phát triển sản phẩm mới, trước hết cần lập kế hoạch."
52,コロケーション,企画・プロジェクト,Reading,Section1,企画書を作成するために、まず原案を（　　　）。,練る,詰める,まとめる,把握する,3,原案をまとめる = tổng hợp bản dự thảo,きかくしょをさくせいするために、まずげんあんをまとめる。,"Để soạn thảo bản kế hoạch, trước tiên cần tổng hợp bản dự thảo."
53,コロケーション,企画・プロジェクト,Reading,Section1,会議の前に提案内容を（　　　）必要がある。,把握する,詰める,洗い出す,確認する,2,内容を詰める = hoàn thiện chi tiết,かいぎのまえにていあんないようをつめるひつようがある。,Trước cuộc họp cần hoàn thiện chi tiết nội dung đề xuất.
54,コロケーション,企画・プロジェクト,Reading,Section1,契約条件について取引先と話を（　　　）。,解決する,固める,詰める,移す,3,話を詰める = thảo luận kỹ,けいやくじょうけんについてとりひきさきとはなしをつめる。,Thảo luận kỹ với đối tác về các điều kiện hợp đồng.
55,コロケーション,企画・プロジェクト,Reading,Section1,検討していた企画をいよいよ実行に（　　　）。,移す,向ける,固める,把握する,1,実行に移す = đưa vào thực hiện,けんとうしていたきかくをいよいよじっこうにうつす。,Cuối cùng đưa kế hoạch đã nghiên cứu vào thực hiện.
56,コロケーション,企画・プロジェクト,Reading,Section1,新サービスの実現に（　　　）準備を進めている。,移して,向けて,詰めて,固めて,2,〜に向けて = hướng tới,しんサービスのじつげんにむけてじゅんびをすすめている。,Đang tiến hành chuẩn bị hướng tới việc hiện thực hóa dịch vụ mới.
57,コロケーション,企画・プロジェクト,Reading,Section1,コスト削減のための解決策を（　　　）。,把握する,解決する,模索する,確認する,3,解決策を模索する = tìm kiếm giải pháp,コストさくげんのためのかいけつさくをもさくする。,Tìm kiếm giải pháp để cắt giảm chi phí.
58,コロケーション,企画・プロジェクト,Reading,Section1,チーム全員で問題を（　　　）。,解決する,模索する,把握する,固める,1,問題を解決する = giải quyết vấn đề,チームぜんいんでもんだいをかいけつする。,Cả nhóm cùng giải quyết vấn đề.
59,コロケーション,企画・プロジェクト,Reading,Section1,売上低迷という課題に（　　　）。,詰める,取り組む,移す,向ける,2,課題に取り組む = xử lý vấn đề,うりあげていめいというかだいにとりくむ。,Đối mặt và xử lý bài toán doanh số suy giảm.
60,コロケーション,企画・プロジェクト,Reading,Section1,改善策を考える前に問題点を（　　　）。,洗い出す,把握する,確認する,練る,1,問題点を洗い出す = liệt kê vấn đề,かいぜんさくをかんがえるまえにもんだいてんをあらいだす。,"Trước khi nghĩ đến biện pháp cải thiện, cần liệt kê các vấn đề hiện có."
61,コロケーション,企画・プロジェクト,Reading,Section1,契約内容の詳細を（　　　）うえで判断したい。,洗い出す,練る,確認する,解決する,3,内容を確認する = kiểm tra nội dung,けいやくないようのしょうさいをかくにんするうえではんだんしたい。,Muốn đưa ra quyết định sau khi kiểm tra chi tiết nội dung hợp đồng.
62,コロケーション,企画・プロジェクト,Reading,Section1,まず現場の実態を（　　　）必要がある。,把握する,詰める,固める,移す,1,実態を把握する = nắm tình hình thực tế,まずげんばのじったいをはあくするひつようがある。,Trước tiên cần nắm rõ tình hình thực tế tại hiện trường.
63,コロケーション,企画・プロジェクト,Reading,Section1,そのアイデアを実行可能な形に（　　　）。,練る,落とし込む,向ける,確認する,2,落とし込む = chuyển thành phương án thực hiện được,そのアイデアをじっこうかのうなかたちにおとしこむ。,Chuyển ý tưởng đó thành phương án có thể thực hiện được.
64,コロケーション,企画・プロジェクト,Reading,Section1,プロジェクト開始前に基本方針を（　　　）。,向ける,固める,洗い出す,落とし込む,2,方針を固める = thống nhất phương châm,プロジェクトかいしまえにきほんほうしんをかためる。,"Trước khi bắt đầu dự án, cần thống nhất phương châm cơ bản."
65,コロケーション,企画・プロジェクト,Reading,Section1,顧客の要望を反映しながら案を（　　　）。,把握する,練る,解決する,向ける,2,案を練る = hoàn thiện phương án,こきゃくのようぼうをはんえいしながらあんをねる。,Hoàn thiện phương án trong khi phản ánh các yêu cầu của khách hàng.
66,コロケーション,企画・プロジェクト,Reading,Section1,市場調査の結果を企画に（　　　）。,練る,落とし込む,固める,模索する,2,企画に落とし込む = chuyển thành kế hoạch cụ thể,しじょうちょうさのけっかをきかくにおとしこむ。,Chuyển kết quả khảo sát thị trường thành kế hoạch cụ thể.
67,コロケーション,企画・プロジェクト,Reading,Section1,新商品の発売に向けて、まず企画を（　　　）。,策定する,推進する,見直す,管理する,1,企画を策定する = xây dựng kế hoạch/dự án,しんしょうひんのはつばいにむけて、まずきかくをさくていする。,"Để chuẩn bị cho việc ra mắt sản phẩm mới, trước tiên cần xây dựng kế hoạch."
68,コロケーション,企画・プロジェクト,Reading,Section1,アイデアを現実的な提案にするため、企画を（　　　）。,管理する,具体化する,修正する,推進する,2,企画を具体化する = cụ thể hóa kế hoạch,アイデアをげんじつてきなていあんにするため、きかくをぐたいかする。,"Để biến ý tưởng thành đề xuất thực tế, cần cụ thể hóa kế hoạch."
69,コロケーション,企画・プロジェクト,Reading,Section1,来年度の事業計画を（　　　）ことになった。,修正する,推進する,策定する,組む,3,事業計画を策定する = xây dựng kế hoạch kinh doanh,らいねんどのじぎょうけいかくをさくていすることになった。,Đã quyết định xây dựng kế hoạch kinh doanh cho năm tài chính tới.
70,コロケーション,企画・プロジェクト,Reading,Section1,会社は新しい経営方針を社内外に（　　　）。,固める,打ち出す,見直す,把握する,2,経営方針を打ち出す = đưa ra định hướng quản lý,かいしゃはあたらしいけいえいほうしんをしゃないがいにうちだす。,Công ty chính thức công bố định hướng quản lý mới cho toàn thể nhân viên và các đối tác bên ngoài.
71,コロケーション,企画・プロジェクト,Reading,Section1,会議の前に企画書の骨子を（　　　）。,まとめる,推進する,修正する,管理する,1,骨子をまとめる = tổng hợp ý chính,かいぎのまえにきかくしょのこっしをまとめる。,Tổng hợp các ý chính của bản kế hoạch trước cuộc họp.
72,コロケーション,企画・プロジェクト,Reading,Section1,新規事業としてプロジェクトを（　　　）ことになった。,推進する,管理する,立ち上げる,見直す,3,プロジェクトを立ち上げる = khởi động dự án,しんきじぎょうとしてプロジェクトをたちあげることになった。,Đã quyết định khởi động dự án như một hoạt động kinh doanh mới.
73,コロケーション,企画・プロジェクト,Reading,Section1,会社は新規プロジェクトを（　　　）ことを決定した。,開始する,修正する,管理する,見直す,1,プロジェクトを開始する = khởi động  dự án,かいしゃはしんきプロジェクトをかいしすることをけっていした。,Công ty đã quyết định khởi động  dự án mới.
74,コロケーション,企画・プロジェクト,Reading,Section1,来月から新システムの導入に（　　　）。,承認する,合意する,着手する,修正する,3,導入に着手する = bắt tay vào triển khai,らいげつからしんシステムのどうにゅうにちゃくしゅする。,Từ tháng sau sẽ bắt tay vào triển khai hệ thống mới.
75,コロケーション,企画・プロジェクト,Reading,Section1,まず全体のスケジュールを（　　　）必要がある。,推進する,管理する,組む,修正する,3,スケジュールを組む = lập lịch trình,まずぜんたいのスケジュールをくむひつようがある。,Trước tiên cần lập lịch trình tổng thể.
76,コロケーション,企画・プロジェクト,Reading,Section1,生産ラインでは工程を（　　　）ことが重要だ。,見直す,組む,管理する,打ち出す,3,工程を管理する = quản lý công đoạn sản xuất,せいさんラインではこうていをかんりすることがじゅうようだ。,"Trong dây chuyền sản xuất, việc quản lý các công đoạn là rất quan trọng."
77,コロケーション,企画・プロジェクト,Reading,Section1,マネージャーはプロジェクト全体の進捗を（　　　）。,把握する,具体化する,管理する,策定する,3,プロジェクト全体のしんちょくを管理する = quản lý TIẾN ĐỘ toàn bộ dự án,マネージャーはプロジェクトぜんたいのしんちょくをかんりする。,Người quản lý chịu trách nhiệm quản lý TIẾN ĐỘ  toàn bộ dự án.
78,コロケーション,企画・プロジェクト,Reading,Section1,状況の変化に応じて計画を（　　　）。,見直す,推進する,組む,立てる,1,計画を見直す = xem xét lại kế hoạch,じょうきょうのへんかにおうじてけいかくをみなおす。,Xem xét lại kế hoạch tùy theo sự thay đổi của tình hình.
79,コロケーション,企画・プロジェクト,Reading,Section1,市場環境の変化に合わせて方針を（　　　）。,管理する,軌道修正する,立ち上げる,策定する,2,方針を軌道修正する = điều chỉnh phương hướng,しじょうかんきょうのへんかにあわせてほうしんをきどうしゅうせいする。,Điều chỉnh phương hướng theo sự thay đổi của môi trường thị trường.
80,コロケーション,企画・プロジェクト,Reading,Section1,限られた人員の中では優先順位を（　　　）ことが重要だ。,組む,得る,付ける,図る,3,優先順位を付ける = xác định thứ tự ưu tiên,かぎられたじんいんのなかではゆうせんじゅんいをつけることがじゅうようだ。,"Trong điều kiện nhân lực hạn chế, việc xác định thứ tự ưu tiên là rất quan trọng."
81,コロケーション,企画・プロジェクト,Reading,Section1,実施前に関係者の合意を（　　　）必要がある。,得る,管理する,推進する,組む,1,合意を得る = nhận được sự đồng thuận,じっしまえにかんけいしゃのごういをえるひつようがある。,Cần nhận được sự đồng thuận của các bên liên quan trước khi thực hiện.
82,コロケーション,企画・プロジェクト,Reading,Section1,会議で出た意見をもとに最終案を（　　　）。,管理する,打ち出す,まとめる,見直す,3,最終案をまとめる = hoàn thiện phương án cuối cùng,かいぎででたいけんをもとにさいしゅうあんをまとめる。,Dựa trên các ý kiến trong cuộc họp để hoàn thiện phương án cuối cùng.
83,コロケーション,企画・プロジェクト,Reading,Section1,作業を円滑に進めるため、事前に作業工程を（　　　）。,付ける,得る,組む,検討する,3,作業工程を組む = lập kế hoạch/công đoạn làm việc,さぎょうをえんかつにすすめるため、じぜんにさぎょうこうていをくむ。,"Để công việc diễn ra suôn sẻ, cần lập trước quy trình công việc."
84,コロケーション,企画・プロジェクト,Reading,Section1,関係者との合意形成を（　　　）ために説明会を開いた。,打ち出す,得る,図る,組む,3,合意形成を図る = thúc đẩy sự đồng thuận,かんけいしゃとのごういけいせいをはかるためにせつめいかいをひらいた。,Đã tổ chức buổi thuyết trình nhằm thúc đẩy sự đồng thuận với các bên liên quan.
85,コロケーション,企画・プロジェクト,Reading,Section1,イベント当日の混乱を避けるため、事前に段取りを（　　　）。,付ける,検討する,得る,図る,1,"段取りを付ける = sắp xếp, chuẩn bị trước các bước cần thiết",イベントとうじつのこんらんをさけるため、じぜんにだんどりをつける。,"Để tránh hỗn loạn trong ngày diễn ra sự kiện, cần chuẩn bị và sắp xếp công việc từ trước."
86,コロケーション,企画・プロジェクト,Reading,Section1,予算執行前に役員の承認を（　　　）。,得る,組む,図る,検討する,1,承認を得る = nhận được sự phê duyệt,よさんしっこうまえにやくいんのしょうにんをえる。,Nhận được sự phê duyệt của ban lãnh đạo trước khi thực hiện ngân sách.
87,コロケーション,企画・プロジェクト,Reading,Section1,計画の実現性を（　　　）うえで実施を決定した。,管理した,推進した,検討した,得た,3,実現性を検討する = xem xét tính khả thi,けいかくのじつげんせいをけんとうしたうえでじっしをけっていした。,Sau khi xem xét tính khả thi của kế hoạch mới quyết định triển khai.
88,コロケーション,企画・プロジェクト,Reading,Section1,作業効率を上げるため段取りを（　　　）。,組み直した,得た,図った,検討した,1,段取りを組み直す = sắp xếp lại kế hoạch công việc,さぎょうこうりつをあげるためだんどりをくみなおした。,"Để nâng cao hiệu quả công việc, chúng tôi đã sắp xếp lại kế hoạch thực hiện."
89,コロケーション,企画・プロジェクト,Reading,Section1,新商品の販売戦略については、担当チームに（　　　）ことになった。,成立する,一任する,可決する,根回しする,2,一任する = giao toàn quyền quyết định hoặc xử lý cho người phụ trách.,しんしょうひんのはんばいせんりゃくについては、たんとうチームにいちにんすることになった。,Chiến lược bán sản phẩm mới sẽ được giao toàn quyền cho nhóm phụ trách.
90,コロケーション,企画・プロジェクト,Reading,Section1,今年度も業務は（　　　）進める予定です。,折り合いをつけて,従来通り,色をつけて,ごねて,2,"従来通り = như trước đây, theo cách thực hiện từ trước đến nay.",こんねんどもぎょうむはじゅうらいどおりすすめるよていです。,Năm nay công việc cũng sẽ được tiến hành như trước đây.
91,コロケーション,会議・打ち合わせ,Reading,Section1,来週の月曜日に会議を（　　　）予定です。,開催する,交わす,一致させる,配布する,1,会議を開催する = tổ chức cuộc họp,らいしゅうのげつようびにかいぎをかいさいするよていです。,Dự kiến sẽ tổ chức cuộc họp vào thứ Hai tuần tới.
92,コロケーション,会議・打ち合わせ,Reading,Section1,会議では参加者同士で意見を（　　　）。,分かれる,交わす,報告する,控える,2,意見を交わす = trao đổi ý kiến,かいぎではさんかしゃどうしでいけんをかわす。,"Trong cuộc họp, các thành viên trao đổi ý kiến với nhau."
93,コロケーション,会議・打ち合わせ,Reading,Section1,新商品の方向性について意見が（　　　）。,一致する,分かれる,報告する,開く,2,意見が分かれる = ý kiến bị chia thành nhiều hướng,しんしょうひんのほうこうせいについていけんがわかれる。,Ý kiến về định hướng của sản phẩm mới bị chia thành nhiều hướng.
94,コロケーション,会議・打ち合わせ,Reading,Section1,この問題を次回の会議で議題に（　　　）。,配布する,一致させる,上げる,報告する,3,議題に上げる = đưa vào chương trình nghị sự,このもんだいをじかいのかいぎでぎだいにあげる。,Đưa vấn đề này vào chương trình nghị sự của cuộc họp tiếp theo.
95,コロケーション,会議・打ち合わせ,Reading,Section1,会議の前に資料を（　　　）ください。,配布して,控えて,開いて,分かれて,1,資料を配布する = phát tài liệu,かいぎのまえにしりょうをはいふしてください。,Vui lòng phát tài liệu trước cuộc họp.
96,コロケーション,会議・打ち合わせ,Reading,Section1,担当者が会議で現在の状況を（　　　）。,報告する,説明する,上げる,控える,1,状況を報告する = báo cáo tình hình,たんとうしゃがかいぎでげんざいのじょうきょうをほうこくする。,Người phụ trách báo cáo tình hình hiện tại trong cuộc họp.
97,コロケーション,会議・打ち合わせ,Reading,Section1,まず、これまでの経過を（　　　）。,一致させる,交わす,報告する,控える,3,経過を報告する = báo cáo diễn biến,まず、これまでのけいかをほうこくする。,Trước tiên hãy báo cáo diễn biến cho đến thời điểm này.
98,コロケーション,会議・打ち合わせ,Reading,Section1,プロジェクトの進捗を（　　　）必要がある。,報告する,開く,配布する,分かれる,1,進捗を報告する = báo cáo tiến độ,プロジェクトのしんちょくをほうこくするひつようがある。,Cần báo cáo tiến độ của dự án.
99,コロケーション,会議・打ち合わせ,Reading,Section1,会議の内容を全社員に（　　　）。,説明する,上げる,共有する,控える,3,内容を共有する = chia sẻ nội dung,かいぎのないようをぜんしゃいんにきょうゆうする。,Chia sẻ nội dung cuộc họp với toàn thể nhân viên.
100,コロケーション,会議・打ち合わせ,Reading,Section1,まず関係者の認識を（　　　）ことが重要だ。,一致させる,開く,配布する,交わす,1,認識を一致させる = thống nhất nhận thức,まずかんけいしゃのにんしきをいっちさせることがじゅうようだ。,Trước tiên cần thống nhất nhận thức giữa các bên liên quan.
101,コロケーション,会議・打ち合わせ,Reading,Section1,十分に議論したうえで結論を（　　　）。,報告する,出す,控える,配布する,2,結論を出す = đưa ra kết luận,じゅうぶんにぎろんしたうえでけつろんをだす。,"Sau khi thảo luận đầy đủ, đưa ra kết luận."
102,コロケーション,会議・打ち合わせ,Reading,Section1,社長が最終的な判断を（　　　）。,開く,交わす,下す,一致させる,3,判断を下す = đưa ra quyết định,しゃちょうがさいしゅうてきなはんだんをくだす。,Giám đốc đưa ra quyết định cuối cùng.
103,コロケーション,会議・打ち合わせ,Reading,Section1,情報が不足しているので発言を（　　　）。,下す,控える,上げる,出す,2,発言を控える = hạn chế phát biểu,じょうほうがふそくしているのではつげんをひかえる。,Do thông tin còn thiếu nên hạn chế phát biểu.
104,コロケーション,会議・打ち合わせ,Reading,Section1,不明な点について質問を（　　　）。,投げかける,開く,報告する,一致させる,1,質問を投げかける = đặt câu hỏi,ふめいなてんについてしつもんをなげかける。,Đặt câu hỏi về những điểm chưa rõ.
105,コロケーション,会議・打ち合わせ,Reading,Section1,部長は会議で今後の方針を（　　　）。,説明する,交わす,控える,分かれる,1,方針を説明する = giải thích phương hướng,ぶちょうはかいぎでこんごのほうしんをせつめいする。,Trưởng phòng giải thích phương hướng sắp tới trong cuộc họp.
106,コロケーション,会議・打ち合わせ,Reading,Section1,会議で自分の意見を（　　　）。,述べる,仰ぐ,締結する,調整する,1,意見を述べる = trình bày ý kiến,かいぎでじぶんのいけんをのべる。,Trình bày ý kiến của bản thân trong cuộc họp.
107,コロケーション,会議・打ち合わせ,Reading,Section1,参加者の意見を（　　　）必要がある。,検討する,まとめる,提示する,確保する,2,意見をまとめる = tổng hợp ý kiến,さんかしゃのいけんをまとめるひつようがある。,Cần tổng hợp ý kiến của những người tham gia.
108,コロケーション,会議・打ち合わせ,Reading,Section1,改善案を（　　　）ことになった。,提示する,仰ぐ,締結する,至る,1,改善案を提示する = đưa ra phương án cải tiến,かいぜんあんをていじすることになった。,Đã quyết định đưa ra phương án cải tiến.
109,コロケーション,会議・打ち合わせ,Reading,Section1,部長はその提案についてさらに（　　　）ことにした。,受け入れる,検討する,見送る,締結する,2,提案について検討する = xem xét đề xuất,ぶちょうはそのていあんについてさらにけんとうすることにした。,Trưởng phòng quyết định tiếp tục xem xét đề xuất đó.
110,コロケーション,会議・打ち合わせ,Reading,Section1,会社は取引先からの新しい提案を（　　　）。,見送る,提示する,受け入れる,調整する,3,提案を受け入れる = chấp nhận đề xuất,かいしゃはとりひきさきからのあたらしいていあんをうけいれる。,Công ty chấp nhận đề xuất mới từ đối tác.
111,コロケーション,会議・打ち合わせ,Reading,Section1,予算不足のため、その提案を（　　　）ことになった。,受け入れる,見送る,仰ぐ,締結する,2,提案を見送る = tạm hoãn đề xuất,よさんぶそくのため、そのていあんをみおくることになった。,Do thiếu ngân sách nên quyết định tạm hoãn đề xuất đó.
112,コロケーション,会議・打ち合わせ,Reading,Section1,関係者の（　　　）を得てから実施する。,判断,合意,指示,条件,2,合意を得る = nhận được sự đồng thuận,かんけいしゃのごういをえてからじっしする。,Sẽ thực hiện sau khi nhận được sự đồng thuận của các bên liên quan.
113,コロケーション,会議・打ち合わせ,Reading,Section1,長時間の話し合いの結果、合意に（　　　）。,至った,仰いだ,締結した,提示した,1,合意に至る = đi đến thống nhất,ちょうじかんのはなしあいのけっか、ごういにいたった。,Sau nhiều giờ thảo luận đã đi đến thống nhất.
114,コロケーション,会議・打ち合わせ,Reading,Section1,会議で今後の方針を（　　　）。,示す,洗い出す,調整する,確保する,1,方針を示す = đưa ra phương hướng,かいぎでこんごのほうしんをしめす。,Đưa ra phương hướng cho giai đoạn sắp tới trong cuộc họp.
115,コロケーション,会議・打ち合わせ,Reading,Section1,経営会議で新しい方針を（　　　）。,整理する,決定する,仰ぐ,共有する,2,方針を決定する = quyết định phương hướng,けいえいかいぎであたらしいほうしんをけっていする。,Quyết định phương hướng mới trong cuộc họp ban lãnh đạo.
116,コロケーション,会議・打ち合わせ,Reading,Section1,まず課題を（　　　）ことから始めよう。,洗い出す,提示する,締結する,至る,1,課題を洗い出す = xác định các vấn đề,まずかだいをあらいだすことからはじめよう。,Trước tiên hãy bắt đầu bằng việc xác định các vấn đề.
117,コロケーション,会議・打ち合わせ,Reading,Section1,会議の前に論点を（　　　）必要がある。,整理する,仰ぐ,確保する,締結する,1,論点を整理する = sắp xếp các điểm thảo luận,かいぎのまえにろんてんをせいりするひつようがある。,Cần sắp xếp các điểm thảo luận trước cuộc họp.
118,コロケーション,会議・打ち合わせ,Reading,Section1,契約書の内容を（　　　）うえで署名してください。,確認した,洗い出した,調整した,提示した,1,内容を確認する = xác nhận nội dung,けいやくしょのないようをかくにんしたうえでしょめいしてください。,Vui lòng ký sau khi đã xác nhận nội dung hợp đồng.
119,コロケーション,会議・打ち合わせ,Reading,Section1,最新情報を全員で（　　　）。,共有する,仰ぐ,至る,締結する,1,情報を共有する = chia sẻ thông tin,さいしんじょうほうをぜんいんできょうゆうする。,Chia sẻ thông tin mới nhất với toàn thể mọi người.
120,コロケーション,会議・打ち合わせ,Reading,Section1,判断に迷ったため上司に指示を（　　　）。,仰いだ,示した,洗い出した,締結した,1,指示を仰ぐ = xin chỉ thị,はんだんにまよったためじょうしにしじをあおいだ。,Do phân vân trong việc ra quyết định nên đã xin chỉ thị từ cấp trên.
121,コロケーション,会議・打ち合わせ,Reading,Section1,重要案件なので部長の判断を（　　　）。,整理した,仰いだ,確保した,提示した,2,判断を仰ぐ = xin ý kiến quyết định,じゅうようあんけんなのでぶちょうのはんだんをあおいだ。,Vì là vụ việc quan trọng nên đã xin ý kiến quyết định của trưởng phòng.
122,コロケーション,会議・打ち合わせ,Reading,Section1,納期変更のためスケジュールを（　　　）。,調整する,共有する,洗い出す,受け入れる,1,スケジュールを調整する = điều chỉnh lịch trình,のうきへんこうのためスケジュールをちょうせいする。,Điều chỉnh lịch trình do thay đổi thời hạn giao hàng.
123,コロケーション,会議・打ち合わせ,Reading,Section1,取引先に契約条件を（　　　）。,提示する,仰ぐ,至る,締結する,1,契約条件を提示する = đưa ra điều kiện hợp đồng,とりひきさきにけいやくじょうけんをていじする。,Đưa ra các điều kiện hợp đồng cho đối tác.
124,コロケーション,会議・打ち合わせ,Reading,Section1,両社は正式に契約を（　　　）。,調整した,締結した,共有した,洗い出した,2,契約を締結する = ký kết hợp đồng,りょうしゃはせいしきにけいやくをていけつした。,Hai công ty đã chính thức ký kết hợp đồng.
125,コロケーション,会議・打ち合わせ,Reading,Section1,新規事業のための予算を（　　　）必要がある。,提示する,確保する,仰ぐ,決定する,2,予算を確保する = đảm bảo ngân sách,しんきじぎょうのためのよさんをかくほするひつようがある。,Cần đảm bảo ngân sách cho dự án kinh doanh mới.
126,コロケーション,会議・打ち合わせ,Reading,Section1,関係部署には事前に十分（　　　）おく必要がある。,折り合いをつけて,話を通して,根回しをして,釘を刺して,3,"根回しをする = trao đổi, vận động trước với các bên liên quan để công việc diễn ra suôn sẻ.",かんけいぶしょにはじぜんにじゅうぶんねまわしをしておくひつようがある。,Cần trao đổi trước đầy đủ với các bộ phận liên quan.
127,コロケーション,会議・打ち合わせ,Reading,Section1,重要な案件なので、部長にもあらかじめ（　　　）おいた。,念を押して,可決して,話を通して,成立して,3,"話を通す = báo trước, xin sự đồng ý trước của người có liên quan.",じゅうようなあんけんなので、ぶちょうにもあらかじめはなしをとおしておいた。,Vì là vụ việc quan trọng nên đã báo trước với trưởng phòng.
128,コロケーション,会議・打ち合わせ,Reading,Section1,双方が少しずつ譲歩し、ようやく（　　　）。,根回しをした,折り合いをつけた,釘を刺した,可決した,2,折り合いをつける = tìm được điểm thỏa hiệp.,そうほうがすこしずつじょうほし、ようやくおりあいをつけた。,Hai bên đều nhượng bộ một chút và cuối cùng đạt được thỏa hiệp.
129,コロケーション,会議・打ち合わせ,Reading,Section1,会議の前に、担当者へもう一度（　　　）。,成立した,念を押した,話を通した,可決した,2,念を押す = nhắc lại cho chắc chắn.,かいぎのまえに、たんとうしゃへもういちどねんをおした。,"Trước cuộc họp, tôi đã nhắc lại với người phụ trách một lần nữa."
130,コロケーション,会議・打ち合わせ,Reading,Section1,同じミスを繰り返さないよう、担当者に（　　　）。,成立した,折り合いをつけた,可決した,釘を刺した,4,"釘を刺す = cảnh báo, nhắc nhở trước để tránh tái phạm.",おなじミスをくりかえさないよう、たんとうしゃにくぎをさした。,Tôi đã nhắc nhở người phụ trách để không lặp lại sai sót.
131,コロケーション,会議・打ち合わせ,Reading,Section1,提案は取締役会で（　　　）。,話を通した,可決された,成立した,念を押した,2,可決する = được biểu quyết thông qua.,ていあんはとりしまりやくかいでかけつされた。,Đề xuất đã được hội đồng quản trị thông qua.
132,コロケーション,会議・打ち合わせ,Reading,Section1,長時間の協議の末、ようやく契約が（　　　）。,可決した,根回しした,成立した,釘を刺した,3,"成立する = được ký kết, chính thức có hiệu lực.",ちょうじかんのきょうぎのすえ、ようやくけいやくがせいりつした。,"Sau nhiều giờ thảo luận, cuối cùng hợp đồng đã được ký kết."
133,コロケーション,会議・打ち合わせ,Reading,Section1,取引先の（　　　）ため、今回は先方の提案を受け入れた。,話を通す,折り合いをつける,顔を立てる,念を押す,3,顔を立てる = giữ thể diện cho đối phương.,とりひきさきのかおをたてるため、こんかいはせんぽうのていあんをうけいれた。,"Để giữ thể diện cho đối tác, lần này chúng tôi chấp nhận đề xuất của họ."
134,コロケーション,契約・取引,Reading,Section1,来月から新しい取引先と契約を（　　　）予定だ。,結ぶ,更新する,見直す,追及する,1,契約を結ぶ = ký kết hợp đồng,らいげつからあたらしいとりひきさきとけいやくをむすぶよていだ。,Từ tháng sau dự kiến sẽ ký hợp đồng với đối tác mới.
135,コロケーション,契約・取引,Reading,Section1,両社は正式に契約を（　　　）。,打ち切った,締結した,提示した,持った,2,契約を締結する = ký kết hợp đồng chính thức,りょうしゃはせいしきにけいやくをていけつした。,Hai công ty đã chính thức ký kết hợp đồng.
136,コロケーション,契約・取引,Reading,Section1,契約期間が終了するため契約を（　　　）。,更新する,結ぶ,打ち切る,探る,1,契約を更新する = gia hạn hợp đồng,けいやくきかんがしゅうりょうするためけいやくをこうしんする。,Do thời hạn hợp đồng kết thúc nên sẽ gia hạn hợp đồng.
137,コロケーション,契約・取引,Reading,Section1,業績悪化により契約を（　　　）ことになった。,締結する,更新する,打ち切る,提示する,3,契約を打ち切る = chấm dứt hợp đồng,ぎょうせきあっかによりけいやくをうちきることになった。,Do kết quả kinh doanh xấu đi nên đã quyết định chấm dứt hợp đồng.
138,コロケーション,契約・取引,Reading,Section1,取引先に見積書を（　　　）。,提出する,見直す,結ぶ,持つ,1,見積書を提出する = nộp bảng báo giá,とりひきさきにみつもりしょをていしゅつする。,Gửi bảng báo giá cho đối tác.
139,コロケーション,契約・取引,Reading,Section1,取引を成立させるため相手の条件を（　　　）。,のむ,更新する,追及する,締結する,1,条件をのむ = chấp nhận điều kiện,とりひきをせいりつさせるためあいてのじょうけんをのむ。,"Để giao dịch được thành lập, công ty đã chấp nhận điều kiện của đối tác."
140,コロケーション,契約・取引,Reading,Section1,市場環境の変化に応じて条件を（　　　）。,提示する,見直す,のむ,持つ,2,条件を見直す = xem xét lại điều kiện,しじょうかんきょうのへんかにおうじてじょうけんをみなおす。,Xem xét lại các điều kiện theo sự thay đổi của môi trường thị trường.
141,コロケーション,契約・取引,Reading,Section1,交渉では互いに妥協点を（　　　）ことが大切だ。,更新する,探る,結ぶ,追及する,2,妥協点を探る = tìm điểm thỏa hiệp,こうしょうではたがいにだきょうてんをさぐることがたいせつだ。,"Trong đàm phán, việc tìm ra điểm thỏa hiệp giữa hai bên là rất quan trọng."
142,コロケーション,契約・取引,Reading,Section1,長時間の交渉の末、合意に（　　　）。,持った,至った,のんだ,打ち切った,2,合意に至る = đi đến thống nhất,ちょうじかんのこうしょうのすえ、ごういにいたった。,"Sau thời gian dài đàm phán, cuối cùng đã đi đến thống nhất."
143,コロケーション,契約・取引,Reading,Section1,価格については基本合意に（　　　）。,至った,探った,提示した,結んだ,1,基本合意に至る = đạt thỏa thuận cơ bản,かかくについてはきほんごういにいたった。,"Về giá cả, hai bên đã đạt được thỏa thuận cơ bản."
144,コロケーション,契約・取引,Reading,Section1,事故の原因について関係者の責任を（　　　）。,持つ,締結する,追及する,更新する,3,責任を追及する = truy cứu trách nhiệm,じこのげんいんについてかんけいしゃのせきにんをついきゅうする。,Truy cứu trách nhiệm của những người liên quan về nguyên nhân vụ tai nạn.
145,コロケーション,契約・取引,Reading,Section1,取引先と価格交渉を（　　　）。,行う,至る,のむ,結ぶ,1,価格交渉を行う = tiến hành đàm phán giá,とりひきさきとかかくこうしょうをおこなう。,Tiến hành đàm phán giá với đối tác.
146,コロケーション,契約・取引,Reading,Section1,契約締結前に関係者で内容を（　　　）。,確認した,追及した,更新した,打ち切った,1,内容を確認する = xác nhận nội dung,けいやくていけつまえにかんけいしゃでないようをかくにんした。,"Trước khi ký kết hợp đồng, các bên liên quan đã xác nhận nội dung."
147,コロケーション,契約・取引,Reading,Section1,新規契約を（　　　）前に条件を確認した。,結ぶ,打ち切る,探る,追及する,1,契約を結ぶ = ký hợp đồng,しんきけいやくをむすぶまえにじょうけんをかくにんした。,Đã xác nhận các điều kiện trước khi ký hợp đồng mới.
148,コロケーション,契約・取引,Reading,Section1,契約内容について再度協議を（　　　）ことになった。,行う,持つ,締結する,至る,1,協議を行う = tiến hành thảo luận,けいやくないようについてさいどきょうぎをおこなうことになった。,Đã quyết định tiến hành thảo luận lại về nội dung hợp đồng.
149,コロケーション,契約・取引,Reading,Section1,条件面で折り合いがつかず契約を（　　　）。,更新した,打ち切った,探った,行った,2,契約を打ち切る = chấm dứt hợp đồng,じょうけんめんでおりあいがつかずけいやくをうちきった。,Do không tìm được tiếng nói chung về điều kiện nên đã chấm dứt hợp đồng.
150,コロケーション,契約・取引,Reading,Section1,契約更新前に契約条件を（　　　）必要がある。,見直す,のむ,結ぶ,持つ,1,契約条件を見直す = xem xét lại điều kiện,けいやくこうしんまえにけいやくじょうけんをみなおすひつようがある。,Cần xem xét lại các điều kiện hợp đồng trước khi gia hạn.
151,コロケーション,契約・取引,Reading,Section1,双方が譲歩しながら妥協点を（　　　）。,提示する,探る,更新する,至る,2,妥協点を探る = tìm điểm thỏa hiệp,そうほうがじょうほしながらだきょうてんをさぐる。,Hai bên cùng nhượng bộ để tìm ra điểm thỏa hiệp.
152,コロケーション,契約・取引,Reading,Section1,数回の価格交渉を行い、基本合意に（　　　）。,至った,持った,結んだ,のんだ,1,基本合意に至る = đạt thỏa thuận cơ bản,すうかいのかかくこうしょうをおこない、きほんごういにいたった。,"Sau nhiều lần đàm phán giá, đã đạt được thỏa thuận cơ bản."
153,コロケーション,契約・取引,Reading,Section1,契約締結前に関係者で話し合いを（　　　）。,持った,追及した,更新した,打ち切った,1,話し合いを持つ = tổ chức trao đổi,けいやくていけつまえにかんけいしゃではなしあいをもった。,Đã tổ chức trao đổi giữa các bên liên quan trước khi ký kết hợp đồng.
154,コロケーション,契約・取引,Reading,Section1,来月から新しい取引先と取引を（　　　）。,開始する,拡大する,解除する,作成する,1,取引を開始する = bắt đầu giao dịch,らいげつからあたらしいとりひきさきととりひきをかいしする。,Từ tháng sau sẽ bắt đầu giao dịch với đối tác mới.
155,コロケーション,契約・取引,Reading,Section1,海外企業との取引を（　　　）方針だ。,開始する,拡大する,守る,依頼する,2,取引を拡大する = mở rộng giao dịch,かいがいきぎょうとのとりひきをかくだいするほうしんだ。,Có chủ trương mở rộng giao dịch với các doanh nghiệp nước ngoài.
156,コロケーション,契約・取引,Reading,Section1,契約違反があったため契約を（　　　）。,見直す,締結する,解除する,開始する,3,契約を解除する = hủy hợp đồng,けいやくいはんがあったためけいやくをかいじょする。,Do có vi phạm hợp đồng nên đã hủy hợp đồng.
157,コロケーション,契約・取引,Reading,Section1,契約更新前に契約内容を（　　　）。,見直す,拡大する,提出する,獲得する,1,契約内容を見直す = rà soát nội dung hợp đồng,けいやくこうしんまえにけいやくないようをみなおす。,Rà soát lại nội dung hợp đồng trước khi gia hạn.
158,コロケーション,契約・取引,Reading,Section1,大口顧客から発注を（　　　）。,行う,受ける,作成する,守る,2,発注を受ける = nhận đơn đặt hàng,おおぐちこきゃくからはっちゅうをうける。,Nhận đơn đặt hàng từ khách hàng lớn.
159,コロケーション,契約・取引,Reading,Section1,新製品の部品を（　　　）ことになった。,発注を受ける,受注を獲得する,発注する,納品する,3,部品を発注する = đặt mua linh kiện.,しんせいひんのぶひんをはっちゅうすることになった。,Đã quyết định đặt mua linh kiện cho sản phẩm mới.
160,コロケーション,契約・取引,Reading,Section1,営業部は大型案件の受注を（　　　）。,作成した,獲得した,調整した,提出した,2,受注を獲得する = giành được đơn hàng,えいぎょうぶはおおがたあんけんのじゅちゅうをかくとくした。,Phòng kinh doanh đã giành được đơn hàng lớn.
161,コロケーション,契約・取引,Reading,Section1,取引先の要望に応じて納期を（　　　）。,守る,獲得する,調整する,開拓する,3,納期を調整する = điều chỉnh thời hạn giao hàng,とりひきさきのようぼうにおうじてのうきをちょうせいする。,Điều chỉnh thời hạn giao hàng theo yêu cầu của đối tác.
162,コロケーション,契約・取引,Reading,Section1,信頼を得るため納期を（　　　）ことが重要だ。,調整する,守る,作成する,提出する,2,納期を守る = tuân thủ thời hạn giao hàng,しんらいをえるためのうきをまもることがじゅうようだ。,"Để tạo được sự tin tưởng, việc tuân thủ thời hạn giao hàng là rất quan trọng."
163,コロケーション,契約・取引,Reading,Section1,複数の会社に見積もりを（　　　）。,提出する,作成する,依頼する,獲得する,3,見積もりを依頼する = yêu cầu báo giá,ふくすうのかいしゃにみつもりをいらいする。,Yêu cầu báo giá từ nhiều công ty.
164,コロケーション,契約・取引,Reading,Section1,取引先に見積もりを（　　　）。,提出する,守る,開拓する,回避する,1,見積もりを提出する = nộp báo giá,とりひきさきにみつもりをていしゅつする。,Nộp báo giá cho đối tác.
165,コロケーション,契約・取引,Reading,Section1,新規案件の見積もりを（　　　）。,獲得する,作成する,調整する,開始する,2,見積もりを作成する = lập báo giá,しんきあんけんのみつもりをさくせいする。,Lập báo giá cho dự án mới.
166,コロケーション,契約・取引,Reading,Section1,利益を増やすためコストを（　　　）。,削減する,改善する,開拓する,提出する,1,コストを削減する = cắt giảm chi phí,りえきをふやすためコストをさくげんする。,Cắt giảm chi phí để tăng lợi nhuận.
167,コロケーション,契約・取引,Reading,Section1,業務改善によって利益を（　　　）。,伸ばした,回避した,提出した,解除した,1,利益を伸ばす = gia tăng lợi nhuận.,ぎょうむかいぜんによってりえきをのばした。,"Nhờ cải tiến nghiệp vụ, công ty đã gia tăng lợi nhuận."
168,コロケーション,契約・取引,Reading,Section1,業務改善によって利益率を（　　　）。,改善する,守る,受ける,解除する,1,利益率を改善する = cải thiện tỷ suất lợi nhuận,ぎょうむかいぜんによってりえきりつをかいぜんする。,Cải thiện tỷ suất lợi nhuận thông qua cải tiến nghiệp vụ.
169,コロケーション,契約・取引,Reading,Section1,新商品の販売強化で売上を（　　　）。,回避する,伸ばす,提出する,作成する,2,売上を伸ばす = tăng doanh thu,しんしょうひんのはんばいきょうかでうりあげをのばす。,Tăng doanh thu bằng cách đẩy mạnh bán sản phẩm mới.
170,コロケーション,契約・取引,Reading,Section1,海外市場を（　　　）ため現地調査を行った。,開拓する,守る,解除する,依頼する,1,市場を開拓する = khai phá thị trường,かいがいしじょうをかいたくするためげんちちょうさをおこなった。,Đã tiến hành khảo sát tại địa phương để khai phá thị trường nước ngoài.
171,コロケーション,契約・取引,Reading,Section1,新たな販路を（　　　）ため、展示会に出展した。,開拓する,確保する,拡大する,提出する,1,販路を開拓する = khai thác kênh tiêu thụ mới.,あらたなはんろをかいたくするため、てんじかいにしゅってんした。,Đã tham gia triển lãm để khai thác kênh tiêu thụ mới.
172,コロケーション,契約・取引,Reading,Section1,競合他社と（　　　）ため独自サービスを導入した。,獲得する,差別化する,作成する,開始する,2,競合他社と差別化する = tạo sự khác biệt với đối thủ,きょうごうたしゃとさべつかするためどくじサービスをどうにゅうした。,Đã triển khai dịch vụ riêng để tạo sự khác biệt với đối thủ cạnh tranh.
173,コロケーション,契約・取引,Reading,Section1,損失を防ぐためリスクを（　　　）。,改善する,守る,回避する,提示する,3,リスクを回避する = tránh rủi ro,そんしつをふせぐためリスクをかいひする。,Tránh rủi ro để ngăn ngừa tổn thất.
174,コロケーション,契約・取引,Reading,Section1,長年取引のある顧客なので、今回は少し（　　　）ことにした。,念を押す,色をつける,顔を立てる,手を打つ,2,"色をつける = thêm ưu đãi, nhượng bộ về giá hoặc điều kiện để chốt giao dịch.",ながねんとりひきのあるこきゃくなので、こんかいはすこしいろをつけることにした。,Vì là khách hàng giao dịch lâu năm nên lần này quyết định nhượng bộ một chút.
175,コロケーション,契約・取引,Reading,Section1,取引先が契約条件について（　　　）ため、交渉が長引いている。,色をつけている,可決している,ごねている,成立している,3,"ごねる = cố tình ép điều kiện, không chịu nhượng bộ trong quá trình thương lượng.",とりひきさきがけいやくじょうけんについてごねているため、こうしょうがながびいている。,Do đối tác cứ cố tình ép điều kiện trong hợp đồng nên cuộc đàm phán kéo dài.
176,コロケーション,契約・取引,Reading,Section1,取引先と納期や価格などの条件を（　　　）。,見出す,詰める,打ち切る,仰ぐ,2,条件を詰める = thảo luận chi tiết điều kiện,とりひきさきとのうきやかかくなどのじょうけんをつめる。,Thảo luận chi tiết các điều kiện như giá cả và thời hạn giao hàng với đối tác.
177,コロケーション,契約・取引,Reading,Section1,販売促進のため価格を（　　　）ことになった。,引き下げる,拡大する,一致する,納得する,1,価格を引き下げる = giảm giá,はんばいそくしんのためかかくをひきさげることになった。,Đã quyết định giảm giá để thúc đẩy bán hàng.
178,コロケーション,契約・取引,Reading,Section1,大量購入を条件に値引きに（　　　）。,見出す,応じる,打ち切る,折り合う,2,値引きに応じる = đồng ý giảm giá,たいりょうこうにゅうをじょうけんにねびきにおうじる。,Đồng ý giảm giá với điều kiện mua số lượng lớn.
179,コロケーション,契約・取引,Reading,Section1,業績好調を受けて取引を（　　　）。,拡大する,仰ぐ,一致する,見出す,1,取引を拡大する = mở rộng giao dịch,ぎょうせきこうちょうをうけてとりひきをかくだいする。,Mở rộng giao dịch nhờ kết quả kinh doanh khả quan.
180,コロケーション,契約・取引,Reading,Section1,度重なる契約違反により取引を（　　　）。,納得する,一致する,打ち切る,応じる,3,取引を打ち切る = chấm dứt giao dịch,たびかさなるけいやくいはんによりとりひきをうちきる。,Chấm dứt giao dịch do nhiều lần vi phạm hợp đồng.
181,コロケーション,契約・取引,Reading,Section1,両社の意向が（　　　）ため契約は順調に進んだ。,拡大した,一致した,打ち切った,仰いだ,2,意向が一致する = ý định của hai bên trùng khớp,りょうしゃのいこうがいっちしたためけいやくはじゅんちょうにすすんだ。,Vì định hướng của hai công ty phù hợp nên hợp đồng được tiến hành thuận lợi.
182,コロケーション,契約・取引,Reading,Section1,双方が納得できる妥協点を（　　　）。,見出す,応じる,引き下げる,一致する,1,妥協点を見出す = tìm điểm thỏa hiệp,そうほうがなっとくできるだきょうてんをみいだす。,Tìm ra điểm thỏa hiệp mà cả hai bên đều chấp nhận được.
183,コロケーション,契約・取引,Reading,Section1,条件面で折り合えず交渉が（　　　）。,一致する,難航する,仰ぐ,拡大する,2,交渉が難航する = đàm phán bế tắc,じょうけんめんでおりあえずこうしょうがなんこうする。,Do không đạt được thỏa thuận về điều kiện nên đàm phán gặp khó khăn.
184,コロケーション,契約・取引,Reading,Section1,最終的に取引先との基本合意を（　　　）ことができた。,打ち切る,見出す,取り付ける,応じる,3,合意を取り付ける = đạt được thỏa thuận,さいしゅうてきにとりひきさきとのごういをとりつけることができた。,Cuối cùng đã đạt được thỏa thuận với đối tác.
185,コロケーション,契約・取引,Reading,Section1,重要案件のため社長の最終判断を（　　　）。,仰ぐ,一致する,引き下げる,拡大する,1,判断を仰ぐ = xin ý kiến quyết định,じゅうようあんけんのためしゃちょうのさいしゅうはんだんをあおぐ。,Do là vụ việc quan trọng nên xin ý kiến quyết định cuối cùng của giám đốc.
186,コロケーション,契約・取引,Reading,Section1,価格と納期の両面で双方が（　　　）結果、合意に至った。,打ち切った,納得した,応じた,仰いだ,2,双方が納得する = cả hai bên đều hài lòng.,かかくとのうきのりょうめんでそうほうがなっとくしたけっか、ごういにいたった。,Cả hai bên đều hài lòng về giá cả và thời hạn giao hàng nên đã đạt được thỏa thuận.
187,コロケーション,契約・取引,Reading,Section1,最終契約に向けて条件面で（　　　）必要がある。,折り合う,一致する,拡大する,見出す,1,条件で折り合う = đạt thỏa thuận điều kiện,さいしゅうけいやくにむけてじょうけんめんでおりあうひつようがある。,Cần đạt được sự thống nhất về điều kiện trước khi ký hợp đồng cuối cùng.
188,コロケーション,契約・取引,Reading,Section1,契約締結前に細かな条件を（　　　）。,詰める,応じる,仰ぐ,打ち切る,1,条件を詰める = chốt chi tiết điều kiện,けいやくていけつまえにこまかいじょうけんをつめる。,Chốt các điều kiện chi tiết trước khi ký hợp đồng.
189,コロケーション,契約・取引,Reading,Section1,競争激化に伴い販売価格を（　　　）。,見出す,引き下げる,一致する,納得する,2,販売価格を引き下げる = giảm giá bán,きょうそうげきかにともないはんばいかかくをひきさげる。,Do cạnh tranh gay gắt nên giảm giá bán.
190,コロケーション,契約・取引,Reading,Section1,長年の取引実績を考慮して値引きに（　　　）。,応じる,打ち切る,拡大する,仰ぐ,1,値引きに応じる = chấp nhận giảm giá,ながねんのとりひきじっせきをこうりょしてねびきにおうじる。,Chấp nhận giảm giá do cân nhắc mối quan hệ giao dịch lâu năm.
191,コロケーション,契約・取引,Reading,Section1,新商品の成功により取引を（　　　）方針だ。,一致する,拡大する,見出す,納得する,2,取引を拡大する = mở rộng giao dịch,しんしょうひんのせいこうによりとりひきをかくだいするほうしんだ。,Có kế hoạch mở rộng giao dịch nhờ thành công của sản phẩm mới.
192,コロケーション,契約・取引,Reading,Section1,契約条件で意見が対立し交渉が（　　　）。,難航した,一致した,仰いだ,応じた,1,交渉が難航した = đàm phán gặp khó khăn,けいやくじょうけんでいけんがたいりつしこうしょうがなんこうした。,Do bất đồng về điều kiện hợp đồng nên đàm phán gặp khó khăn.
193,コロケーション,契約・取引,Reading,Section1,何度も協議を重ねた結果、合意を（　　　）。,打ち切った,取り付けた,引き下げた,見出した,2,合意を取り付ける = đạt được sự đồng thuận,なんどもきょうぎをかさねたけっか、ごういをとりつけた。,"Sau nhiều lần thảo luận, đã đạt được thỏa thuận."
194,コロケーション,契約・取引,Reading,Section1,重要案件のため会長の承認を（　　　）。,仰ぐ,納得する,一致する,拡大する,1,承認を仰ぐ = xin phê duyệt,じゅうようあんけんのためかいちょうのしょうにんをあおぐ。,Vì là vụ việc quan trọng nên xin phê duyệt từ chủ tịch.
195,コロケーション,契約・取引,Reading,Section1,交渉の結果、条件面で（　　　）ことになった。,折り合いがつく,応じる,見出す,打ち切る,1,条件面で折り合いがつく = đạt được sự thống nhất về điều kiện.,こうしょうのけっか、じょうけんめんでおりあいがつくことになった。,"Sau quá trình đàm phán, hai bên đã đạt được sự thống nhất về các điều kiện."
196,コロケーション,契約・取引,Reading,Section1,取引先に新しい条件を（　　　）。,提示する,更新する,獲得する,調整する,1,条件を提示する = đưa ra điều kiện,とりひきさきにあたらしいじょうけんをていじする。,Đưa ra điều kiện mới cho đối tác.
197,コロケーション,契約・取引,Reading,Section1,契約内容の変更に伴い条件を（　　　）。,のむ,見直す,締結する,提出する,2,条件を見直す = rà soát điều kiện,けいやくないようのへんこうにともないじょうけんをみなおす。,Rà soát lại điều kiện do có thay đổi trong nội dung hợp đồng.
198,コロケーション,契約・取引,Reading,Section1,最終的に先方の条件を（　　　）ことにした。,依頼する,提示する,のむ,作成する,3,条件をのむ = chấp nhận điều kiện,さいしゅうてきにせんぽうのじょうけんをのむことにした。,Cuối cùng quyết định chấp nhận điều kiện của phía đối tác.
199,コロケーション,契約・取引,Reading,Section1,契約前に価格交渉を（　　　）。,行う,獲得する,開拓する,更新する,1,価格交渉を行う = đàm phán giá,けいやくまえにかかくこうしょうをおこなう。,Tiến hành đàm phán giá trước khi ký hợp đồng.
200,コロケーション,契約・取引,Reading,Section1,原材料高騰にもかかわらず価格を（　　　）。,見直す,据え置く,調整する,解除する,2,価格を据え置く = giữ nguyên giá,げんざいりょうこうとうにもかかわらずかかくをすえおく。,Mặc dù giá nguyên liệu tăng nhưng vẫn giữ nguyên giá bán.
201,コロケーション,契約・取引,Reading,Section1,両社は正式に契約を（　　　）。,更新する,見直す,締結する,開始する,3,契約を締結する = ký kết hợp đồng,りょうしゃはせいしきにけいやくをていけつする。,Hai công ty chính thức ký kết hợp đồng.
202,コロケーション,契約・取引,Reading,Section1,来年度も契約を（　　　）予定だ。,更新する,作成する,提出する,開拓する,1,契約を更新する = gia hạn hợp đồng,らいねんどもけいやくをこうしんするよていだ。,Dự kiến sẽ gia hạn hợp đồng vào năm sau.
203,コロケーション,契約・取引,Reading,Section1,重大な契約違反のため契約を（　　　）。,見直す,締結する,開始する,解除する,4,契約を解除する = hủy hợp đồng,じゅうだいなけいやくいはんのためけいやくをかいじょする。,Hủy hợp đồng do vi phạm hợp đồng nghiêm trọng.
204,コロケーション,契約・取引,Reading,Section1,取引条件変更のため契約を（　　　）。,見直す,更新する,開拓する,獲得する,1,契約を見直す = rà soát hợp đồng,とりひきじょうけんへんこうのためけいやくをみなおす。,Rà soát hợp đồng do thay đổi điều kiện giao dịch.
205,コロケーション,契約・取引,Reading,Section1,大口顧客から発注を（　　　）。,獲得する,受ける,提示する,作成する,2,発注を受ける = nhận đơn hàng,おおぐちこきゃくからはっちゅうをうける。,Nhận đơn đặt hàng từ khách hàng lớn.
206,コロケーション,契約・取引,Reading,Section1,競争の末、大型案件の受注を（　　　）。,受ける,調整する,獲得する,更新する,3,受注を獲得する = giành đơn hàng,きょうそうのすえ、おおがたあんけんのじゅちゅうをかくとくする。,Giành được đơn hàng lớn sau quá trình cạnh tranh.
207,コロケーション,契約・取引,Reading,Section1,顧客の要望に合わせて納期を（　　　）。,調整する,見直す,のむ,提示する,1,納期を調整する = điều chỉnh thời hạn,こきゃくのようぼうにあわせてのうきをちょうせいする。,Điều chỉnh thời hạn giao hàng theo yêu cầu của khách hàng.
208,コロケーション,契約・取引,Reading,Section1,信頼維持のため納期を（　　　）ことが重要だ。,更新する,守る,締結する,開始する,2,納期を守る = tuân thủ thời hạn,しんらいいじのためのうきをまもることがじゅうようだ。,Tuân thủ thời hạn giao hàng là điều quan trọng để duy trì lòng tin.
209,コロケーション,契約・取引,Reading,Section1,複数の会社にお見積もりを（　　　）ことにした。,依頼する,提出する,作成する,確認する,1,お見積もりを依頼する = yêu cầu báo giá.,ふくすうのかいしゃにおみつもりをいらいすることにした。,Đã quyết định yêu cầu báo giá từ nhiều công ty.
210,コロケーション,契約・取引,Reading,Section1,取引先へ見積もりを（　　　）。,作成する,提出する,開拓する,のむ,2,見積もりを提出する = nộp báo giá,とりひきさきへみつもりをていしゅつする。,Nộp báo giá cho đối tác.
211,コロケーション,契約・取引,Reading,Section1,営業担当者が顧客に見積もりを（　　　）。,提示する,作成する,更新する,獲得する,1,見積もりを提示する = đưa báo giá cho khách hàng,えいぎょうたんとうしゃがこきゃくにみつもりをていじする。,Nhân viên kinh doanh đưa báo giá cho khách hàng.
212,コロケーション,契約・取引,Reading,Section1,長時間の協議の末、合意を（　　　）。,得る,開始する,提出する,見直す,1,合意を得る = đạt được đồng thuận,ちょうじかんのきょうぎのすえ、ごういをえる。,"Sau thời gian dài thảo luận, đã đạt được sự đồng thuận."
213,コロケーション,契約・取引,Reading,Section1,両社は最終的に合意に（　　　）。,得た,至った,のんだ,更新した,2,合意に至る = đi đến thống nhất.,りょうしゃはさいしゅうてきにごういにいたった。,Hai bên cuối cùng đã đi đến thống nhất.
214,コロケーション,契約・取引,Reading,Section1,新しい取引を（　　　）ことになった。,開始する,獲得する,調整する,見直す,1,取引を開始する = bắt đầu giao dịch,あたらしいとりひきをかいしすることになった。,Đã quyết định bắt đầu giao dịch mới.
215,コロケーション,契約・取引,Reading,Section1,海外市場で新たな取引先を（　　　）。,開拓する,締結する,提示する,据え置く,1,取引先を開拓する = khai thác đối tác mới,かいがいしじょうであらたなとりひきさきをかいたくする。,Khai thác đối tác mới tại thị trường nước ngoài.
216,コロケーション,人事・組織,Reading,Section1,将来のリーダー候補として人材を（　　　）。,育成する,確保する,指導する,評価する,1,人材を育成する = đào tạo nhân sự,しょうらいのリーダーこうほとしてじんざいをいくせいする。,Đào tạo nhân sự như những ứng viên lãnh đạo trong tương lai.
217,コロケーション,人事・組織,Reading,Section1,事業拡大のため優秀な人材を（　　　）必要がある。,育成する,確保する,任せる,築く,2,人材を確保する = đảm bảo nguồn nhân lực chất lượng cao,じぎょうかくだいのためゆうしゅうなじんざいをかくほするひつようがある。,"Để mở rộng hoạt động kinh doanh, cần đảm bảo nguồn nhân lực chất lượng cao."
218,コロケーション,人事・組織,Reading,Section1,繁忙期に入り人手が（　　　）。,決まらない,足りない,広がらない,築けない,2,人手が足りない = thiếu nhân lực,はんぼうきにはいりひとでがたりない。,Đang vào mùa cao điểm nên thiếu nhân lực.
219,コロケーション,人事・組織,Reading,Section1,4月から大規模な人事異動を（　　　）。,行う,任せる,評価する,確保する,1,人事異動を行う = thực hiện điều chuyển nhân sự,しがつからだいきぼなじんじいどうをおこなう。,Sẽ thực hiện đợt điều chuyển nhân sự quy mô lớn từ tháng 4.
220,コロケーション,人事・組織,Reading,Section1,新入社員の配属先が（　　　）。,築いた,指導した,決まった,任せた,3,配属先が決まる = nơi công tác được quyết định,しんにゅうしゃいんのはいぞくさきがきまった。,Nơi công tác của nhân viên mới đã được quyết định.
221,コロケーション,人事・組織,Reading,Section1,課長は部下を適切に（　　　）必要がある。,指導する,確保する,広げる,行う,1,部下を指導する = hướng dẫn cấp dưới,かちょうはぶかをてきせつにしどうするひつようがある。,Trưởng phòng cần hướng dẫn cấp dưới một cách phù hợp.
222,コロケーション,人事・組織,Reading,Section1,成果に基づいて社員を（　　　）。,任せる,評価する,築く,決める,2,社員を評価する = đánh giá nhân viên,せいかにもとづいてしゃいんをひょうかする。,Đánh giá nhân viên dựa trên thành tích.
223,コロケーション,人事・組織,Reading,Section1,この会社は社内の風通しが（　　　）。,いい,足りない,決まる,広がる,1,風通しがいい = môi trường cởi mở,このかいしゃはしゃないのかざとおしがいい。,Công ty này có môi trường làm việc cởi mở.
224,コロケーション,人事・組織,Reading,Section1,業績改善のため組織を（　　　）ことになった。,評価する,育成する,立て直す,指導する,3,組織を立て直す = tái cơ cấu tổ chức,ぎょうせきかいぜんのためそしきをたてなおすことになった。,Đã quyết định tái cơ cấu tổ chức để cải thiện kết quả kinh doanh.
225,コロケーション,人事・組織,Reading,Section1,この案件は経験豊富な社員に（　　　）。,行う,任せる,広げる,決める,2,仕事を任せる = giao công việc,このあんけんはけいけんゆたかなしゃいんにまかせる。,Vụ việc này được giao cho nhân viên giàu kinh nghiệm.
226,コロケーション,人事・組織,Reading,Section1,営業活動を通じて人脈を（　　　）。,広げる,評価する,指導する,確保する,1,人脈を広げる = mở rộng quan hệ,えいぎょうかつどうをつうじてじんみゃくをひろげる。,Mở rộng các mối quan hệ thông qua hoạt động kinh doanh.
227,コロケーション,人事・組織,Reading,Section1,長年の取引で信頼関係を（　　　）。,行う,任せる,築く,決まる,3,信頼関係を築く = xây dựng quan hệ tin cậy,ながねんのとりひきでしんらいかんけいをきずく。,Xây dựng quan hệ tin cậy qua nhiều năm giao dịch.
228,コロケーション,人事・組織,Reading,Section1,若手社員を（　　　）ため研修制度を強化した。,育成する,確保する,評価する,任せる,1,若手社員を育成する = đào tạo nhân viên trẻ,わかてしゃいんをいくせいするためけんしゅうせいどをきょうかした。,"Để đào tạo nhân viên trẻ, công ty đã tăng cường chế độ đào tạo."
229,コロケーション,人事・組織,Reading,Section1,専門知識を持つ人材を（　　　）ため研修を実施している。,育成する,確保する,築く,決まる,1,人材を育成する = đào tạo nhân lực,せんもんちしきをもつじんざいをいくせいするためけんしゅうをじっししている。,Đang triển khai chương trình đào tạo nhằm phát triển nguồn nhân lực có chuyên môn.
230,コロケーション,人事・組織,Reading,Section1,イベント準備で人手が（　　　）ため応援を頼んだ。,広がらない,足りない,築けない,任せない,2,人手が足りない = thiếu nhân lực,イベントじゅんびでひとでがたりないためおうえんをたのんだ。,Do thiếu nhân lực trong quá trình chuẩn bị sự kiện nên đã nhờ hỗ trợ.
231,コロケーション,人事・組織,Reading,Section1,来月、人事異動を（　　　）予定だ。,行う,評価する,確保する,任せる,1,人事異動を行う = thực hiện điều chuyển nhân sự,らいげつ、じんじいどうをおこなうよていだ。,Tháng tới sẽ thực hiện điều chuyển nhân sự.
232,コロケーション,人事・組織,Reading,Section1,新人の配属先がまだ（　　　）。,決まっていない,築いていない,広がっていない,任せていない,1,配属先が決まる = nơi phân công công tác được quyết định,しんじんのはいぞくさきがまだきまっていない。,Nơi làm việc của nhân viên mới vẫn chưa được quyết định.
233,コロケーション,人事・組織,Reading,Section1,管理職は部下を（　　　）役割を担っている。,指導する,行う,築く,足りる,1,部下を指導する = hướng dẫn cấp dưới,かんりしょくはぶかをしどうするやくわりをになっている。,Cấp quản lý có vai trò hướng dẫn cấp dưới.
234,コロケーション,人事・組織,Reading,Section1,公平な基準で社員を（　　　）べきだ。,任せる,評価する,広げる,決める,2,社員を評価する = đánh giá nhân viên,こうへいなきじゅんでしゃいんをひょうかするべきだ。,Nên đánh giá nhân viên theo tiêu chuẩn công bằng.
235,コロケーション,人事・組織,Reading,Section1,取引先との信頼関係を（　　　）ことが重要だ。,築く,広げる,指導する,行う,1,信頼関係を築く = xây dựng quan hệ tin cậy,とりひきさきとのしんらいかんけいをきずくことがじゅうようだ。,Việc xây dựng mối quan hệ tin cậy với đối tác là rất quan trọng.
236,コロケーション,人事・組織,Reading,Section1,事業拡大に伴い新たな人材を（　　　）。,採用する,削減する,再編する,昇進する,1,人材を採用する = tuyển dụng nhân sự,じぎょうかくだいにともないあらたなじんざいをさいようする。,Tuyển dụng nhân sự mới cùng với việc mở rộng hoạt động kinh doanh.
237,コロケーション,人事・組織,Reading,Section1,現在、営業担当を（　　　）している。,募集,配置,補充,強化,1,営業担当を募集する = tuyển nhân viên kinh doanh,げんざいえいぎょうたんとうをぼしゅうしている。,Hiện tại công ty đang tuyển nhân viên phụ trách kinh doanh.
238,コロケーション,人事・組織,Reading,Section1,退職者が出たため欠員を（　　　）。,強化する,補充する,削減する,見直す,2,欠員を補充する = bổ sung vị trí còn thiếu,たいしょくしゃがでたためけついんをほじゅうする。,Do có người nghỉ việc nên cần bổ sung vị trí còn thiếu.
239,コロケーション,人事・組織,Reading,Section1,業務量の増加に対応するため人員を（　　　）。,削減する,確保する,増やす,再編する,3,人員を増やす = tăng nhân sự,ぎょうむりょうのぞうかにたいおうするためじんいんをふやす。,Tăng nhân sự để đáp ứng khối lượng công việc gia tăng.
240,コロケーション,人事・組織,Reading,Section1,経営改善のため人員を（　　　）ことになった。,増やす,削減する,配置する,募集する,2,人員を削減する = cắt giảm nhân sự,けいえいかいぜんのためじんいんをさくげんすることになった。,Đã quyết định cắt giảm nhân sự để cải thiện hoạt động kinh doanh.
241,コロケーション,人事・組織,Reading,Section1,経験や適性を考慮して人材を（　　　）。,配置する,補充する,昇進する,降格する,1,人材を配置する = bố trí nhân sự,けいけんやてきせいをこうりょしてじんざいをはいちする。,Bố trí nhân sự dựa trên kinh nghiệm và năng lực phù hợp.
242,コロケーション,人事・組織,Reading,Section1,組織改革の一環として配置転換を（　　　）。,強化する,実施する,行う,確保する,3,配置転換を行う = thực hiện điều chuyển công tác,そしきかいかくのいっかんとしてはいちてんかんをおこなう。,Thực hiện điều chuyển công tác như một phần của cải cách tổ chức.
243,コロケーション,人事・組織,Reading,Section1,優れた成果が認められ部長に（　　　）。,昇進した,降格した,配置した,募集した,1,部長に昇進する = thăng chức lên trưởng phòng,すぐれたせいかがみとめられぶちょうにしょうしんした。,Nhờ thành tích xuất sắc nên đã được thăng chức lên trưởng phòng.
244,コロケーション,人事・組織,Reading,Section1,資格取得により主任へ（　　　）。,降格した,補充した,昇格した,削減した,3,主任へ昇格する = được nâng ngạch,しかくしゅとくによりしゅにんへしょうかくした。,Nhờ đạt được chứng chỉ nên đã được nâng ngạch lên vị trí tổ trưởng.
245,コロケーション,人事・組織,Reading,Section1,重大なミスにより管理職から（　　　）。,昇進した,昇格した,強化した,降格した,4,降格する = bị giáng chức,じゅうだいなミスによりかんりしょくからこうかくした。,Do sai sót nghiêm trọng nên bị giáng chức khỏi vị trí quản lý.
246,コロケーション,人事・組織,Reading,Section1,社長の後任を（　　　）必要がある。,選ぶ,育てる,見直す,向上させる,1,後任を選ぶ = chọn người kế nhiệm,しゃちょうのこうにんをえらぶひつようがある。,Cần chọn người kế nhiệm vị trí giám đốc.
247,コロケーション,人事・組織,Reading,Section1,将来のリーダーとなる人材を（　　　）。,削減する,育てる,降格する,補充する,2,人材を育てる = đào tạo nhân tài,しょうらいのリーダーとなるじんざいをそだてる。,Đào tạo nhân tài trở thành lãnh đạo trong tương lai.
248,コロケーション,人事・組織,Reading,Section1,新入社員向けの研修を（　　　）。,見直す,実施する,確保する,配置する,2,研修を実施する = tổ chức khóa đào tạo,しんにゅうしゃいんむけのけんしゅうをじっしする。,Tổ chức khóa đào tạo dành cho nhân viên mới.
249,コロケーション,人事・組織,Reading,Section1,専門知識を学び能力を（　　　）。,向上させる,削減する,補充する,再編する,1,能力を向上させる = nâng cao năng lực,せんもんちしきをまなびのうりょくをこうじょうさせる。,Học kiến thức chuyên môn để nâng cao năng lực.
250,コロケーション,人事・組織,Reading,Section1,公平性を高めるため評価制度を（　　　）。,実施する,見直す,募集する,昇進する,2,評価制度を見直す = rà soát chế độ đánh giá,こうへいせいをたかめるためひょうかせいどをみなおす。,Rà soát lại chế độ đánh giá nhằm nâng cao tính công bằng.
251,コロケーション,人事・組織,Reading,Section1,社員のモチベーションを（　　　）施策が必要だ。,下げる,高める,削減する,補充する,2,モチベーションを高める = nâng cao động lực,しゃいんのモチベーションをたかめるしさくがひつようだ。,Cần có các biện pháp nâng cao động lực làm việc của nhân viên.
252,コロケーション,人事・組織,Reading,Section1,働きやすい環境を整えて離職率を（　　　）。,上げる,強化する,下げる,配置する,3,離職率を下げる = giảm tỷ lệ nghỉ việc,はたらきやすいかんきょうをととのえてりしょくりつをさげる。,Tạo môi trường làm việc tốt hơn để giảm tỷ lệ nghỉ việc.
253,コロケーション,人事・組織,Reading,Section1,競争力向上のため組織を（　　　）。,強化する,削減する,降格する,補充する,1,組織を強化する = củng cố tổ chức,きょうそうりょくこうじょうのためそしきをきょうかする。,Củng cố tổ chức nhằm nâng cao năng lực cạnh tranh.
254,コロケーション,人事・組織,Reading,Section1,事業統合に伴い組織を（　　　）。,強化する,再編する,向上させる,昇進する,2,組織を再編する = tái cơ cấu tổ chức,じぎょうとうごうにともないそしきをさいへんする。,Tái cơ cấu tổ chức do việc sáp nhập hoạt động kinh doanh.
255,コロケーション,人事・組織,Reading,Section1,繁忙期に向けて十分な人員を（　　　）。,削減する,確保する,降格する,見直す,2,人員を確保する = đảm bảo đủ nhân sự,はんぼうきにむけてじゅうぶんなじんいんをかくほする。,Đảm bảo đủ nhân sự cho mùa cao điểm.
256,コロケーション,人事・組織,Reading,Section1,新入社員には早く能力を（　　　）してほしい。,発揮,向上,活用,育成,1,能力を発揮する = phát huy năng lực,しんにゅうしゃいんにははやくのうりょくをはっきしてほしい。,Mong nhân viên mới sớm phát huy năng lực của mình.
257,コロケーション,人事・組織,Reading,Section1,困難な状況でも実力を（　　　）ことが重要だ。,発揮する,積む,磨く,高める,1,実力を発揮する = phát huy thực lực,こんなんなじょうきょうでもじつりょくをはっきすることがじゅうようだ。,Điều quan trọng là phải phát huy thực lực ngay cả trong tình huống khó khăn.
258,コロケーション,人事・組織,Reading,Section1,現場で多くの経験を（　　　）ことができた。,配置する,採用する,積む,見直す,3,経験を積む = tích lũy kinh nghiệm,げんばでおおくのけいけんをつむことができた。,Đã tích lũy được nhiều kinh nghiệm tại hiện trường.
259,コロケーション,人事・組織,Reading,Section1,専門知識を学びながらスキルを（　　　）。,配置する,磨く,発揮する,積む,2,スキルを磨く = trau dồi kỹ năng,せんもんちしきをまなびながらスキルをみがく。,Vừa học kiến thức chuyên môn vừa trau dồi kỹ năng.
260,コロケーション,人事・組織,Reading,Section1,事業拡大のため優秀な人材を（　　　）。,確保する,発揮する,高める,見直す,1,"優秀な人材を確保する = đảm bảo, thu hút được nhân tài",じぎょうかくだいのためゆうしゅうなじんざいをかくほする。,"Để mở rộng kinh doanh, công ty cần thu hút được nhân sự giỏi."
261,コロケーション,人事・組織,Reading,Section1,各部署に必要な人材を（　　　）。,積む,磨く,配置する,発揮する,3,人材を配置する = bố trí nhân sự,かくぶしょにひつようなじんざいをはいちする。,Bố trí nhân sự cần thiết cho từng bộ phận.
262,コロケーション,人事・組織,Reading,Section1,社員を適材適所に（　　　）ことが大切だ。,配置する,見直す,高める,採用する,1,適材適所に配置する = đúng người đúng việc,しゃいんをてきざいてきしょにはいちすることがたいせつだ。,Điều quan trọng là bố trí nhân viên đúng người đúng việc.
263,コロケーション,人事・組織,Reading,Section1,会社は評価制度を（　　　）ことにした。,発揮する,見直す,積む,採用する,2,評価制度を見直す = rà soát lại chế độ đánh giá,かいしゃはひょうかせいどをみなおすことにした。,Công ty quyết định rà soát lại chế độ đánh giá.
264,コロケーション,人事・組織,Reading,Section1,社員のモチベーションを（　　　）施策を実施する。,発揮する,配置する,高める,積む,3,モチベーションを高める = nâng cao động lực làm việc,しゃいんのモチベーションをたかめるしさくをじっしする。,Thực hiện các biện pháp nhằm nâng cao động lực của nhân viên.
265,コロケーション,人事・組織,Reading,Section1,彼は責任感の（　　　）社員として知られている。,磨い,積んだ,高い,強い,4,責任感の強い社員 = nhân viên có tinh thần trách nhiệm cao,かれはせきにんかんのつよいしゃいんとしてしられている。,Anh ấy được biết đến là một nhân viên có tinh thần trách nhiệm cao.
266,コロケーション,人事・組織,Reading,Section1,市場の変化に柔軟に（　　　）必要がある。,対応する,採用する,発揮する,積む,1,変化に対応する = ứng phó thay đổi,しじょうのへんかにじゅうなんにたいおうするひつようがある。,Cần linh hoạt ứng phó với sự thay đổi của thị trường.
267,コロケーション,人事・組織,Reading,Section1,新卒でも即戦力として（　　　）人材だ。,見直される,期待される,高められる,発揮される,2,即戦力として期待される = được kỳ vọng có thể làm việc ngay,しんそつでもそくせんりょくとしてきたいされるじんざいだ。,Dù là sinh viên mới tốt nghiệp nhưng được kỳ vọng có thể làm việc ngay.
268,コロケーション,人事・組織,Reading,Section1,若手社員には能力を（　　　）機会を与えたい。,発揮する,採用する,見直す,配置する,1,能力を発揮する機会 = cơ hội phát huy năng lực,わかてしゃいんにはのうりょくをはっきするきかいをあたえたい。,Muốn tạo cơ hội để nhân viên trẻ phát huy năng lực.
269,コロケーション,人事・組織,Reading,Section1,海外勤務を通じて経験を（　　　）。,配置した,積んだ,高めた,採用した,2,経験を積む = tích lũy kinh nghiệm,かいがいきんむをつうじてけいけんをつんだ。,Đã tích lũy kinh nghiệm thông qua công tác ở nước ngoài.
270,コロケーション,人事・組織,Reading,Section1,継続的な学習によってスキルを（　　　）。,磨いた,発揮した,配置した,見直した,1,スキルを磨く = trau dồi kỹ năng,けいぞくてきながくしゅうによってスキルをみがいた。,Đã trau dồi kỹ năng nhờ học tập liên tục.
271,コロケーション,人事・組織,Reading,Section1,業務量増加に伴い人員を（　　　）。,確保する,発揮する,採用する,高める,1,人員を確保する = đảm bảo đủ nhân sự,ぎょうむりょうぞうかにともないじんいんをかくほする。,Do khối lượng công việc tăng lên nên công ty cần đảm bảo đủ nhân sự.
272,コロケーション,人事・組織,Reading,Section1,適材適所に人材を（　　　）ことで効率が向上した。,配置する,見直す,磨く,発揮する,1,人材を配置する = bố trí nhân sự,てきざいてきしょにじんざいをはいちすることでこうりつがこうじょうした。,Hiệu quả được nâng cao nhờ bố trí nhân sự đúng vị trí.
273,コロケーション,人事・組織,Reading,Section1,社員の声を反映して評価を（　　　）。,発揮した,見直した,積んだ,採用した,2,評価を見直す = rà soát lại đánh giá,しゃいんのこえをはんえいしてひょうかをみなおした。,Đã rà soát lại việc đánh giá bằng cách phản ánh ý kiến của nhân viên.
274,コロケーション,人事・組織,Reading,Section1,表彰制度によってモチベーションを（　　　）。,高めた,配置した,発揮した,採用した,1,モチベーションを高める = nâng cao động lực làm việc,ひょうしょうせいどによってモチベーションをたかめた。,Đã nâng cao động lực làm việc thông qua chế độ khen thưởng.
275,コロケーション,人事・組織,Reading,Section1,環境変化にも柔軟に（　　　）人材が求められる。,発揮する,対応する,積む,見直す,2,柔軟に対応する人材 = nhân sự có khả năng ứng biến linh hoạt,かんきょうへんかにもじゅうなんにたいおうするじんざいがもとめられる。,Cần những nhân sự có khả năng linh hoạt thích ứng với thay đổi môi trường.
276,コロケーション,顧客・サービス,Reading,Section1,商品開発では顧客の声を（　　　）ことが重要だ。,取り入れる,向上させる,増やす,対応する,1,顧客の声を取り入れる = tiếp thu ý kiến khách hàng,しょうひんかいはつではこきゃくのこえをとりいれることがじゅうようだ。,"Trong phát triển sản phẩm, việc tiếp thu ý kiến khách hàng là rất quan trọng."
277,コロケーション,顧客・サービス,Reading,Section1,お客様の期待に（　　　）商品を提供したい。,応える,向上させる,対応する,改善する,1,期待に応える = đáp ứng kỳ vọng,おきゃくさまのきたいにこたえるしょうひんをていきょうしたい。,Muốn cung cấp sản phẩm đáp ứng kỳ vọng của khách hàng.
278,コロケーション,顧客・サービス,Reading,Section1,長年の努力によって顧客からの信頼を（　　　）。,向上させた,得た,増やした,対応した,2,信頼を得る = giành được sự tin tưởng,ながねんのどりょくによってこきゃくからのしんらいをえた。,Nhờ nhiều năm nỗ lực mà giành được sự tin tưởng từ khách hàng.
279,コロケーション,顧客・サービス,Reading,Section1,サービス改善により顧客満足度を（　　　）。,高める,吸い取る,得る,対応する,1,顧客満足度を高める = nâng cao mức độ hài lòng,サービスかいぜんによりこきゃくまんぞくどをたかめる。,Nâng cao mức độ hài lòng của khách hàng nhờ cải thiện dịch vụ.
280,コロケーション,顧客・サービス,Reading,Section1,システムを導入して利便性を（　　　）。,確保する,向上させる,応える,吸い取る,2,利便性を向上させる = nâng cao tính tiện lợi,システムをどうにゅうしてりべんせいをこうじょうさせる。,Triển khai hệ thống để nâng cao tính tiện lợi.
281,コロケーション,顧客・サービス,Reading,Section1,顧客満足度向上のためサービスを（　　　）。,改善する,得る,増やす,応える,1,サービスを改善する = cải thiện dịch vụ,こきゃくまんぞくどこうじょうのためサービスをかいぜんする。,Cải thiện dịch vụ nhằm nâng cao mức độ hài lòng của khách hàng.
282,コロケーション,顧客・サービス,Reading,Section1,担当者はクレームに迅速に（　　　）。,高めた,対応した,向上した,得た,2,クレームに対応する = xử lý khiếu nại,たんとうしゃはクレームにじんそくにたいおうした。,Người phụ trách đã xử lý khiếu nại một cách nhanh chóng.
283,コロケーション,顧客・サービス,Reading,Section1,サービス改善の結果、客足が（　　　）。,対応する,吸い取る,伸びる,得る,3,客足が伸びる = lượng khách tăng,サービスかいぜんのけっか、きゃくあしがのびる。,Nhờ cải thiện dịch vụ mà lượng khách tăng lên.
284,コロケーション,顧客・サービス,Reading,Section1,アンケートを実施して顧客の声を（　　　）。,反映する,対応する,得る,改善する,1,顧客の声を反映する = phản ánh ý kiến khách hàng vào sản phẩm hoặc dịch vụ,アンケートをじっししてこきゃくのこえをはんえいする。,Tiến hành khảo sát và phản ánh ý kiến khách hàng vào sản phẩm hoặc dịch vụ.
285,コロケーション,顧客・サービス,Reading,Section1,高品質なサービスで顧客の信頼を（　　　）。,改善する,増やす,得る,向上する,3,信頼を得る = giành được sự tin tưởng,こうひんしつなサービスでこきゃくのしんらいをえる。,Giành được sự tin tưởng của khách hàng bằng dịch vụ chất lượng cao.
286,コロケーション,顧客・サービス,Reading,Section1,アプリ改良によって使いやすさを（　　　）。,高める,及ぼす,得る,応える,1,使いやすさを高める = nâng cao độ dễ sử dụng,アプリかいりょうによってつかいやすさをたかめる。,Cải tiến ứng dụng giúp tăng độ dễ sử dụng.
287,コロケーション,顧客・サービス,Reading,Section1,お客様からのクレームに適切に（　　　）ことが重要だ。,高める,得る,対応する,応える,3,クレームに対応する = xử lý khiếu nại,おきゃくさまからのクレームにてきせつにたいおうすることがじゅうようだ。,Điều quan trọng là phải xử lý khiếu nại của khách hàng một cách thích hợp.
288,コロケーション,顧客・サービス,Reading,Section1,ポイント制度を導入してリピーターを（　　　）。,応える,高める,増やす,対応する,3,リピーターを増やす = tăng khách hàng quay lại,ポイントせいどをどうにゅうしてリピーターをふやす。,Triển khai hệ thống tích điểm để tăng khách hàng quay lại.
289,コロケーション,顧客・サービス,Reading,Section1,顧客満足度を高めるには顧客の声を（　　　）ことが欠かせない。,収集する,対応する,得る,改善する,1,顧客の声を収集する = thu thập ý kiến khách hàng,こきゃくまんぞくどをたかめるにはこきゃくのこえをしゅうしゅうすることがかかせない。,"Để nâng cao mức độ hài lòng của khách hàng, việc thu thập ý kiến khách hàng là điều không thể thiếu."
290,コロケーション,顧客・サービス,Reading,Section1,新サービスの開始により新規顧客を（　　　）。,維持する,獲得する,処理する,把握する,2,新規顧客を獲得する = thu hút khách hàng mới,しんサービスのかいしによりしんきこきゃくをかくとくする。,Nhờ triển khai dịch vụ mới mà thu hút được khách hàng mới.
291,コロケーション,顧客・サービス,Reading,Section1,既存顧客を（　　　）ことも重要だ。,増やす,提供する,実施する,維持する,4,既存顧客を維持する = duy trì khách hàng hiện tại,きそんこきゃくをいじすることもじゅうようだ。,Việc duy trì khách hàng hiện tại cũng rất quan trọng.
292,コロケーション,顧客・サービス,Reading,Section1,サービス改善によって顧客満足度を（　　　）。,維持する,提供する,向上させる,処理する,3,顧客満足度を向上させる = nâng cao mức độ hài lòng,サービスかいぜんによってこきゃくまんぞくどをこうじょうさせる。,Nâng cao mức độ hài lòng của khách hàng thông qua cải thiện dịch vụ.
293,コロケーション,顧客・サービス,Reading,Section1,担当部署は顧客からの苦情を（　　　）。,受ける,高める,維持する,増やす,1,苦情を受ける = tiếp nhận khiếu nại,たんとうぶしょはこきゃくからのくじょうをうける。,Bộ phận phụ trách tiếp nhận các khiếu nại từ khách hàng.
294,コロケーション,顧客・サービス,Reading,Section1,受けた苦情を迅速に（　　　）必要がある。,獲得する,処理する,提供する,把握する,2,苦情を処理する = xử lý khiếu nại,うけたくじょうをじんそくにしょりするひつようがある。,Cần xử lý nhanh chóng các khiếu nại đã tiếp nhận.
295,コロケーション,顧客・サービス,Reading,Section1,お客様からの問い合わせに迅速に（　　　）。,維持する,応える,提供する,対応する,4,"問い合わせに対応する = xử lý/phản hồi yêu cầu, thắc mắc",おきゃくさまからのといあわせにじんそくにたいおうする。,Nhanh chóng phản hồi các thắc mắc từ khách hàng.
296,コロケーション,顧客・サービス,Reading,Section1,まず顧客の要望を（　　　）ことが重要だ。,把握する,処理する,維持する,増やす,1,要望を把握する = nắm bắt nhu cầu,まずこきゃくのようぼうをはあくすることがじゅうようだ。,Trước tiên cần nắm bắt các yêu cầu của khách hàng.
297,コロケーション,顧客・サービス,Reading,Section1,市場の変化を知るためニーズを（　　　）。,応える,把握する,提供する,向上させる,2,ニーズを把握する = nắm bắt nhu cầu,しじょうのへんかをしるためニーズをはあくする。,"Để hiểu sự thay đổi của thị trường, cần nắm bắt nhu cầu khách hàng."
298,コロケーション,顧客・サービス,Reading,Section1,顧客のニーズに（　　　）商品を開発した。,対応する,維持する,応える,増やす,3,ニーズに応える = đáp ứng nhu cầu,こきゃくのニーズにこたえるしょうひんをかいはつした。,Đã phát triển sản phẩm đáp ứng nhu cầu của khách hàng.
299,コロケーション,顧客・サービス,Reading,Section1,他社にはない付加価値を（　　　）。,処理する,実施する,高める,提供する,4,付加価値を提供する = cung cấp giá trị gia tăng,たしゃにはないふかかちをていきょうする。,Cung cấp giá trị gia tăng mà các công ty khác không có.
300,コロケーション,顧客・サービス,Reading,Section1,お客様に質の高いサービスを（　　　）。,提供する,維持する,高める,受ける,1,サービスを提供する = cung cấp dịch vụ,おきゃくさまにしつのたかいサービスをていきょうする。,Cung cấp dịch vụ chất lượng cao cho khách hàng.
301,コロケーション,顧客・サービス,Reading,Section1,品質を（　　　）ための改善活動を続けている。,処理する,向上させる,把握する,応える,2,品質を向上させる = nâng cao chất lượng,ひんしつをこうじょうさせるためのかいぜんかつどうをつづけている。,Đang tiếp tục các hoạt động cải tiến nhằm nâng cao chất lượng.
302,コロケーション,顧客・サービス,Reading,Section1,長年にわたり高い品質を（　　　）。,増やす,提供する,実施する,維持する,4,品質を維持する = duy trì chất lượng,ながねんにわたりたかいひんしつをいじする。,Duy trì chất lượng cao trong nhiều năm.
303,コロケーション,顧客・サービス,Reading,Section1,サービス向上によって顧客離れを（　　　）。,高める,防ぐ,獲得する,把握する,2,顧客離れを防ぐ = ngăn khách hàng rời bỏ,サービスこうじょうによってこきゃくばなれをふせぐ。,Ngăn chặn tình trạng khách hàng rời bỏ nhờ nâng cao dịch vụ.
304,コロケーション,顧客・サービス,Reading,Section1,新機能の追加で利用者を（　　　）。,維持する,増やす,処理する,応える,2,利用者を増やす = tăng người dùng,しんきのうのついかでりようしゃをふやす。,Tăng số lượng người dùng nhờ bổ sung tính năng mới.
305,コロケーション,顧客・サービス,Reading,Section1,キャンペーンによって利用率を（　　　）。,高める,維持する,受ける,提供する,1,利用率を高める = tăng tỷ lệ sử dụng,キャンペーンによってりようりつをたかめる。,Tăng tỷ lệ sử dụng thông qua chiến dịch khuyến mãi.
306,コロケーション,顧客・サービス,Reading,Section1,広告戦略によってブランド力を（　　　）。,把握する,処理する,高める,応える,3,ブランド力を高める = nâng cao sức mạnh thương hiệu,こうこくせんりゃくによってブランドりょくをたかめる。,Nâng cao sức mạnh thương hiệu thông qua chiến lược quảng cáo.
307,コロケーション,顧客・サービス,Reading,Section1,新商品の投入前に市場調査を（　　　）。,実施する,行う,提供する,獲得する,2,市場調査を行う = tiến hành khảo sát thị trường,しんしょうひんのとうにゅうまえにしじょうちょうさをおこなう。,Tiến hành khảo sát thị trường trước khi tung sản phẩm mới.
308,コロケーション,顧客・サービス,Reading,Section1,利用者の意見を集めるためアンケートを（　　　）。,行う,維持する,実施する,処理する,3,アンケートを実施する = thực hiện khảo sát,りようしゃのいけんをあつめるためアンケートをじっしする。,Thực hiện khảo sát để thu thập ý kiến người sử dụng.
309,コロケーション,顧客・サービス,Reading,Section1,この新機能は、多くの企業からの（　　　）を受けて開発された。,産業界の要望,従来通り,契約条件,販売戦略,1,"産業界の要望 = nhu cầu, mong muốn từ giới công nghiệp hoặc doanh nghiệp.",このしんきのうは、おおくのきぎょうからのさんぎょうかいのようぼうをうけてかいはつされた。,Tính năng mới này được phát triển dựa trên nhu cầu của nhiều doanh nghiệp.
310,コロケーション,顧客・サービス,Reading,Section1,新サービスは利用者の（　　　）。,要望によって実現した,一任した,可決した,成立した,1,要望によって実現する = được hiện thực hóa dựa trên yêu cầu của khách hàng hoặc người sử dụng.,しんサービスはりようしゃのようぼうによってじつげんした。,Dịch vụ mới được hiện thực hóa dựa trên yêu cầu của người sử dụng.
311,コロケーション,顧客・サービス,Reading,Section1,問題が発生したため改善策を（　　　）。,講じる,提供する,高める,把握する,1,改善策を講じる = thực hiện biện pháp cải tiến,もんだいがはっせいしたためかいぜんさくをこうじる。,Thực hiện biện pháp cải tiến do phát sinh vấn đề.
312,コロケーション,クレーム・謝罪,Reading,Section1,システム障害により、お客様に（　　　）しました。,不手際があり,ご迷惑をおかけ,影響を及ぼ,誤解を招き,2,ご迷惑をおかけする = gây phiền hà cho khách hàng,システムしょうがいにより、おきゃくさまにごめいわくをおかけしました。,"Do sự cố hệ thống, chúng tôi đã gây phiền hà cho khách hàng."
313,コロケーション,クレーム・謝罪,Reading,Section1,今回はこちらの（　　　）ことを深くお詫びいたします。,不手際がございました,再発を防止した,安全が懸念された,被害が広がった,1,不手際がございました = đã có sai sót,こんかいはこちらのふてぎわがございましたことをふかくおわびいたします。,Chúng tôi thành thật xin lỗi vì những sai sót lần này.
314,コロケーション,クレーム・謝罪,Reading,Section1,このたびはご迷惑をおかけし、（　　　）。,混乱を招きました,問題が発生しました,深くお詫び申し上げます,対応が遅れました,3,深くお詫び申し上げます = thành thật xin lỗi,このたびはごめいわくをおかけし、ふかくおわびもうしあげます。,Chúng tôi thành thật xin lỗi vì đã gây phiền hà cho quý khách.
315,コロケーション,クレーム・謝罪,Reading,Section1,同様のトラブルが起きないよう、再発防止に（　　　）。,努めます,懸念します,招きます,及ぼします,1,再発防止に努める = nỗ lực ngăn ngừa tái diễn,どうようのトラブルがおきないよう、さいはつぼうしにつとめます。,Chúng tôi sẽ nỗ lực để ngăn ngừa sự cố tương tự tái diễn.
316,コロケーション,クレーム・謝罪,Reading,Section1,システム更新後に問題が（　　　）。,招いた,発生した,広がった,遅れた,2,問題が発生する = phát sinh vấn đề,システムこうしんごにもんだいがはっせいした。,Sau khi cập nhật hệ thống đã phát sinh sự cố.
317,コロケーション,クレーム・謝罪,Reading,Section1,情報共有不足が社内の混乱を（　　　）。,及ぼした,招いた,防止した,懸念した,2,混乱を招く = gây ra sự hỗn loạn,じょうほうきょうゆうぶそくがしゃないのこんらんをまねいた。,Việc thiếu chia sẻ thông tin đã gây ra sự hỗn loạn trong nội bộ.
318,コロケーション,クレーム・謝罪,Reading,Section1,説明不足が顧客の誤解を（　　　）。,招いた,遅らせた,発生した,広げた,1,誤解を招く = gây hiểu lầm,せつめいぶそくがこきゃくのごかいをまねいた。,Việc giải thích chưa đầy đủ đã gây hiểu lầm cho khách hàng.
319,コロケーション,クレーム・謝罪,Reading,Section1,今回の事故は業績に大きな影響を（　　　）。,招いた,発生した,及ぼした,懸念した,3,影響を及ぼす = gây ảnh hưởng,こんかいのじこはぎょうせきにおおきなえいきょうをおよぼした。,Tai nạn lần này đã gây ảnh hưởng lớn đến kết quả kinh doanh.
320,コロケーション,クレーム・謝罪,Reading,Section1,製品の不具合により被害が（　　　）。,広がった,防止された,発生した,招かれた,1,被害が広がる = thiệt hại lan rộng,せいひんのふぐあいによりひがいがひろがった。,Thiệt hại đã lan rộng do lỗi sản phẩm.
321,コロケーション,クレーム・謝罪,Reading,Section1,担当者不在のため対応が（　　　）。,発生した,招いた,遅れた,及ぼした,3,対応が遅れる = xử lý chậm trễ,たんとうしゃふざいのためたいおうがおくれた。,Việc xử lý đã bị chậm trễ do người phụ trách vắng mặt.
322,コロケーション,クレーム・謝罪,Reading,Section1,老朽化した設備により、安全性が（　　　）。,防止された,懸念された,発生した,広がった,2,安全性が懸念される = dấy lên lo ngại về tính an toàn,ろうきゅうかしたせつびにより、あんぜんせいがけねんされた。,Thiết bị xuống cấp đã làm dấy lên lo ngại về tính an toàn.
323,コロケーション,クレーム・謝罪,Reading,Section1,操作ミスによってお客様に（　　　）。,ご迷惑をおかけした,問題が発生した,被害が広がった,安全が懸念された,1,ご迷惑をおかけする = gây phiền hà,そうさミスによっておきゃくさまにごめいわくをおかけした。,"Do thao tác sai, chúng tôi đã gây phiền hà cho khách hàng."
324,コロケーション,クレーム・謝罪,Reading,Section1,商品の発送に（　　　）ことをお詫びいたします。,誤解を招いた,遅れが生じた,支障を来した,影響を及ぼした,2,遅れが生じる = phát sinh chậm trễ,しょうひんのはっそうにおくれがしょうじたことをおわびいたします。,Chúng tôi xin lỗi vì việc giao hàng đã bị chậm trễ.
325,コロケーション,クレーム・謝罪,Reading,Section1,ご不便をおかけしましたことを（　　　）。,深くお詫び申し上げます,招きます,発生します,広がります,1,深くお詫び申し上げます = thành thật xin lỗi,ごふべんをおかけしましたことをふかくおわびもうしあげます。,Chúng tôi thành thật xin lỗi vì đã gây bất tiện cho quý khách.
326,コロケーション,クレーム・謝罪,Reading,Section1,品質管理を強化し、不具合の発生を（　　　）。,懸念する,防止する,招く,発生する,2,不具合の発生を防止する = ngăn ngừa lỗi phát sinh,ひんしつかんりをきょうかし、ふぐあいのはっせいをぼうしする。,Tăng cường quản lý chất lượng để ngăn ngừa lỗi phát sinh.
327,コロケーション,クレーム・謝罪,Reading,Section1,設備トラブルにより業務に支障が（　　　）。,防止した,生じた,及ぼした,招いた,2,支障が生じる = phát sinh trở ngại,せつびトラブルによりぎょうむにししょうがしょうじた。,Sự cố thiết bị đã gây trở ngại cho hoạt động kinh doanh.
328,コロケーション,クレーム・謝罪,Reading,Section1,誤った説明が顧客の不信感を（　　　）。,防止した,広げた,招いた,及ぼした,3,不信感を招く = gây mất lòng tin,あやまったせつめいがこきゃくのふしんかんをまねいた。,Giải thích sai đã gây mất lòng tin của khách hàng.
329,コロケーション,クレーム・謝罪,Reading,Section1,システム障害により多額の損害を（　　　）。,被った,生じた,広がった,招いた,1,損害を被る = chịu thiệt hại,システムしょうがいによりたがくのそんがいをこうむった。,"Do sự cố hệ thống, công ty đã chịu thiệt hại lớn."
330,コロケーション,クレーム・謝罪,Reading,Section1,対応の遅れにより、安全性が（　　　）。,発生した,招かれた,懸念された,及ぼされた,3,安全性が懸念される = dấy lên lo ngại về tính an toàn,たいおうのおくれにより、あんぜんせいがけねんされた。,Việc xử lý chậm trễ đã làm dấy lên lo ngại về tính an toàn.
331,コロケーション,クレーム・謝罪,Reading,Section1,事故の原因を早急に（　　　）必要がある。,究明する,公開する,軽減する,喚起する,1,原因を究明する = điều tra làm rõ nguyên nhân,じこのげんいんをそうきゅうにきゅうめいするひつようがある。,Cần nhanh chóng điều tra làm rõ nguyên nhân của sự cố.
332,コロケーション,クレーム・謝罪,Reading,Section1,まずは事実を正確に（　　　）ことが重要だ。,確認する,公開する,分析する,講じる,1,事実を確認する = xác nhận sự thật,まずはじじつをせいかくにかくにんすることがじゅうようだ。,"Trước tiên, điều quan trọng là phải xác nhận chính xác sự thật."
333,コロケーション,クレーム・謝罪,Reading,Section1,担当者は現場の状況を（　　　）。,把握した,改善した,公開した,軽減した,1,状況を把握する = nắm bắt tình hình,たんとうしゃはげんばのじょうきょうをはあくした。,Người phụ trách đã nắm bắt tình hình tại hiện trường.
334,コロケーション,クレーム・謝罪,Reading,Section1,同様の事故を防ぐため、早急に対策を（　　　）。,講じる,究明する,公開する,把握する,1,対策を講じる = đưa ra biện pháp đối phó,どうようのじこをふせぐため、そうきゅうにたいさくをこうじる。,"Để ngăn ngừa sự cố tương tự, cần nhanh chóng đưa ra biện pháp đối phó."
335,コロケーション,クレーム・謝罪,Reading,Section1,現在、有効な対応策を（　　　）ところです。,検討している,公開している,軽減している,把握している,1,対応策を検討する = xem xét phương án xử lý,げんざい、ゆうこうなたいおうさくをけんとうしているところです。,Hiện chúng tôi đang xem xét phương án xử lý hiệu quả.
336,コロケーション,クレーム・謝罪,Reading,Section1,専門チームが事故原因を（　　　）。,分析した,講じた,公開した,確認した,1,原因を分析する = phân tích nguyên nhân,せんもんチームがじこげんいんをぶんせきした。,Nhóm chuyên môn đã phân tích nguyên nhân của sự cố.
337,コロケーション,クレーム・謝罪,Reading,Section1,会社は責任の所在を（　　　）方針だ。,明らかにする,公開する,分析する,軽減する,1,責任の所在を明らかにする = làm rõ trách nhiệm,かいしゃはせきにんのしょざいをあきらかにするほうしんだ。,Công ty có chủ trương làm rõ trách nhiệm.
338,コロケーション,クレーム・謝罪,Reading,Section1,被害を抑えるため、損害を最小限に（　　　）。,抑える,講じる,究明する,確認する,1,損害を最小限に抑える = hạn chế thiệt hại ở mức thấp nhất,ひがいをおさえるため、そんがいをさいしょうげんにおさえる。,"Để hạn chế ảnh hưởng, cần giảm thiểu thiệt hại xuống mức thấp nhất."
339,コロケーション,クレーム・謝罪,Reading,Section1,二次被害を（　　　）ための対策が必要だ。,防ぐ,分析する,公開する,把握する,1,被害を防ぐ = ngăn ngừa thiệt hại,にじひがいをふせぐためのたいさくがひつようだ。,Cần có biện pháp để ngăn ngừa thiệt hại thứ cấp.
340,コロケーション,クレーム・謝罪,Reading,Section1,会社は調査結果を速やかに（　　　）ことを決めた。,公開する,究明する,分析する,講じる,1,情報を公開する = công bố thông tin,かいしゃはちょうさけっかをすみやかにこうかいすることをきめた。,Công ty quyết định nhanh chóng công bố kết quả điều tra.
341,コロケーション,クレーム・謝罪,Reading,Section1,担当者が関係者に経緯を（　　　）。,説明した,公開した,分析した,究明した,1,関係者に説明する = giải thích với các bên liên quan,たんとうしゃがかんけいしゃにけいいをせつめいした。,Người phụ trách đã giải thích diễn biến với các bên liên quan.
342,コロケーション,クレーム・謝罪,Reading,Section1,事故防止のため社員に注意を（　　　）。,喚起した,究明した,公開した,軽減した,1,"注意を喚起する = cảnh báo, nhắc nhở",じこぼうしのためしゃいんにちゅういをかんきした。,Công ty đã nhắc nhở nhân viên để phòng ngừa tai nạn.
343,コロケーション,クレーム・謝罪,Reading,Section1,作業開始前に手順の（　　　）を徹底してください。,再確認,分析,公開,究明,1,再確認を行う = kiểm tra lại,さぎょうかいしまえにてじゅんのさいかくにんをてっていしてください。,Hãy kiểm tra lại quy trình thật kỹ trước khi bắt đầu công việc.
344,コロケーション,クレーム・謝罪,Reading,Section1,重大な不具合のため、早急に（　　　）必要がある。,対応する,究明する,公開する,分析する,1,早急に対応する = nhanh chóng xử lý,じゅうだいなふぐあいのため、そうきゅうにたいおうするひつようがある。,Do có lỗi nghiêm trọng nên cần nhanh chóng xử lý.
345,コロケーション,クレーム・謝罪,Reading,Section1,企業として社会的責任を（　　　）ことが求められる。,果たす,講じる,究明する,公開する,1,責任を果たす = thực hiện trách nhiệm,きぎょうとしてしゃかいてきせきにんをはたすことがもとめられる。,"Là doanh nghiệp, cần thực hiện đầy đủ trách nhiệm xã hội."
346,コロケーション,リスク・問題対応,Reading,Section1,システム障害の原因を（　　　）。,調査する,公開する,軽減する,提出する,1,原因を調査する = điều tra nguyên nhân,システムしょうがいのげんいんをちょうさする。,Điều tra nguyên nhân của sự cố hệ thống.
347,コロケーション,リスク・問題対応,Reading,Section1,事故の原因を徹底的に（　　　）必要がある。,分析する,究明する,喚起する,把握する,2,原因を究明する = làm rõ nguyên nhân,じこのげんいんをてっていてきにきゅうめいするひつようがある。,Cần làm rõ triệt để nguyên nhân của vụ tai nạn.
348,コロケーション,リスク・問題対応,Reading,Section1,まず事実を（　　　）うえで対応を決める。,公開する,分析する,確認する,軽減する,3,事実を確認する = xác minh sự việc,まずじじつをかくにんするうえでたいおうをきめる。,Trước tiên xác minh sự việc rồi mới quyết định cách xử lý.
349,コロケーション,リスク・問題対応,Reading,Section1,担当者は現在の状況を（　　　）。,提出する,究明する,分析する,把握する,4,状況を把握する = nắm bắt tình hình,たんとうしゃはげんざいのじょうきょうをはあくする。,Người phụ trách nắm bắt tình hình hiện tại.
350,コロケーション,リスク・問題対応,Reading,Section1,再発防止のため対策を（　　　）。,講じる,軽減する,公開する,喚起する,1,対策を講じる = thực hiện biện pháp,さいはつぼうしのためたいさくをこうじる。,Thực hiện biện pháp nhằm ngăn ngừa tái diễn.
351,コロケーション,リスク・問題対応,Reading,Section1,品質向上のため改善策を（　　　）。,分析する,講じる,提出する,把握する,2,改善策を講じる = thực hiện biện pháp cải tiến,ひんしつこうじょうのためかいぜんさくをこうじる。,Thực hiện biện pháp cải tiến nhằm nâng cao chất lượng.
352,コロケーション,リスク・問題対応,Reading,Section1,トラブル発生後、対応策を（　　　）。,軽減する,公開する,検討する,究明する,3,対応策を検討する = xem xét phương án xử lý,トラブルはっせいご、たいおうさくをけんとうする。,"Sau khi phát sinh sự cố, xem xét phương án xử lý."
353,コロケーション,リスク・問題対応,Reading,Section1,原因を詳しく（　　　）ことで再発を防ぐ。,提出する,喚起する,公開する,分析する,4,原因を分析する = phân tích nguyên nhân,げんいんをくわしくぶんせきすることでさいはつをふせぐ。,Phân tích kỹ nguyên nhân để ngăn ngừa tái diễn.
354,コロケーション,リスク・問題対応,Reading,Section1,会社は責任の所在を（　　　）方針だ。,明らかにする,軽減する,把握する,検討する,1,責任の所在を明らかにする = làm rõ trách nhiệm,かいしゃはせきにんのしょざいをあきらかにするほうしんだ。,Công ty có chủ trương làm rõ trách nhiệm của các bên liên quan.
355,コロケーション,リスク・問題対応,Reading,Section1,迅速な対応で損害を（　　　）。,公開する,最小限に抑える,提出する,喚起する,2,損害を最小限に抑える = giảm thiểu thiệt hại,じんそくなたいおうでそんがいをさいしょうげんにおさえる。,Giảm thiểu thiệt hại nhờ ứng phó nhanh chóng.
356,コロケーション,リスク・問題対応,Reading,Section1,事故の拡大を防ぐため被害を（　　　）。,軽減する,究明する,防ぐ,把握する,1,被害を軽減する = giảm thiểu thiệt hại,じこのかくだいをふせぐためひがいをけいげんする。,"Để ngăn tai nạn lan rộng, cần giảm thiểu thiệt hại."
357,コロケーション,リスク・問題対応,Reading,Section1,事前対策によってリスクを（　　　）。,公開する,分析する,提出する,回避する,4,リスクを回避する = tránh rủi ro,じぜんたいさくによってリスクをかいひする。,Tránh rủi ro bằng các biện pháp phòng ngừa từ trước.
358,コロケーション,リスク・問題対応,Reading,Section1,管理体制を強化してリスクを（　　　）。,軽減する,公開する,喚起する,究明する,1,リスクを軽減する = giảm thiểu rủi ro,かんりたいせいをきょうかしてリスクをけいげんする。,Tăng cường hệ thống quản lý để giảm thiểu rủi ro.
359,コロケーション,リスク・問題対応,Reading,Section1,会社は調査結果の情報を（　　　）。,把握する,公開する,分析する,軽減する,2,情報を公開する = công bố thông tin,かいしゃはちょうさけっかのじょうほうをこうかいする。,Công ty công bố thông tin về kết quả điều tra.
360,コロケーション,リスク・問題対応,Reading,Section1,調査終了後、報告書を（　　　）。,喚起する,究明する,提出する,回避する,3,報告書を提出する = nộp báo cáo,ちょうさしゅうりょうご、ほうこくしょをていしゅつする。,"Sau khi kết thúc điều tra, nộp báo cáo."
361,コロケーション,リスク・問題対応,Reading,Section1,事故の経緯を関係者に（　　　）。,軽減する,把握する,検討する,説明する,4,経緯を説明する = giải thích diễn biến,じこのけいいをかんけいしゃにせつめいする。,Giải thích diễn biến vụ tai nạn cho những người liên quan.
362,コロケーション,リスク・問題対応,Reading,Section1,類似事故を防ぐため注意を（　　　）。,喚起する,公開する,分析する,提出する,1,"注意を喚起する = cảnh báo, nhắc nhở",るいじじこをふせぐためちゅういをかんきする。,Cảnh báo để ngăn ngừa các tai nạn tương tự.
363,コロケーション,リスク・問題対応,Reading,Section1,ミスを防ぐため再確認を（　　　）。,把握する,行う,軽減する,究明する,2,再確認を行う = xác nhận lại,ミスをふせぐためさいかくにんをおこなう。,Tiến hành xác nhận lại để tránh sai sót.
364,コロケーション,リスク・問題対応,Reading,Section1,重大なトラブルのため早急に（　　　）。,公開する,提出する,対応する,喚起する,3,早急に対応する = xử lý khẩn cấp,じゅうだいなトラブルのためそうきゅうにたいおうする。,Xử lý khẩn cấp do xảy ra sự cố nghiêm trọng.
365,コロケーション,リスク・問題対応,Reading,Section1,食品会社の不祥事により、安全性が（　　　）。,問われた,懸念された,揺らいだ,陥った,1,"安全性が問われる = tính an toàn bị đặt dấu hỏi, bị chất vấn",しょくひんがいしゃのふしょうじにより、あんぜんせいがとわれた。,"Do vụ bê bối của công ty thực phẩm, tính an toàn của sản phẩm đã bị đặt dấu hỏi."
366,コロケーション,リスク・問題対応,Reading,Section1,企業としての責任を（　　　）ことが求められる。,把握する,軽減する,究明する,果たす,4,責任を果たす = hoàn thành trách nhiệm,きぎょうとしてのせきにんをはたすことがもとめられる。,Doanh nghiệp được yêu cầu phải hoàn thành trách nhiệm của mình.
367,コロケーション,リスク・問題対応,Reading,Section1,新規事業には大きなリスクを（　　　）。,被る,問われる,伴う,懸念する,3,リスクを伴う = đi kèm rủi ro,しんきじぎょうにはおおきなリスクをともなう。,Dự án kinh doanh mới đi kèm với rủi ro lớn.
368,コロケーション,リスク・問題対応,Reading,Section1,システム障害により多額の損害を（　　　）。,被る,広がる,陥る,究明する,1,損害を被る = chịu thiệt hại,システムしょうがいによりたがくのそんがいをこうむる。,Chịu thiệt hại lớn do sự cố hệ thống.
369,コロケーション,リスク・問題対応,Reading,Section1,システム停止によって現場に混乱が（　　　）。,生じる,被る,悪化する,究明する,1,混乱が生じる = phát sinh hỗn loạn,システムていしによってげんばにこんらんがしょうじる。,Sự cố ngừng hệ thống đã gây ra hỗn loạn tại hiện trường.
370,コロケーション,リスク・問題対応,Reading,Section1,不祥事によって企業への信頼が（　　　）。,広がる,揺らぐ,被る,生じる,2,信頼が揺らぐ = niềm tin lung lay,ふしょうじによってきぎょうへのしんらいがゆらぐ。,Do bê bối nên niềm tin đối với doanh nghiệp bị lung lay.
371,コロケーション,リスク・問題対応,Reading,Section1,重大事故の発生で管理者の責任が（　　　）。,懸念される,揺らぐ,問われる,被る,3,責任が問われる = trách nhiệm bị truy cứu,じゅうだいじこのはっせいでかんりしゃのせきにんがとわれる。,Do xảy ra tai nạn nghiêm trọng nên trách nhiệm của người quản lý bị truy cứu.
372,コロケーション,リスク・問題対応,Reading,Section1,台風によって農家が大きな損害を（　　　）。,問われる,被る,懸念される,究明する,2,損害を被る = chịu thiệt hại,たいふうによってのうかがおおきなそんがいをこうむる。,Nông dân chịu thiệt hại lớn do bão.
373,コロケーション,リスク・問題対応,Reading,Section1,情報漏えいの影響が社会全体に（　　　）。,広がる,陥る,悪化する,生じる,1,影響が広がる = ảnh hưởng lan rộng,じょうほうろうえいのえいきょうがしゃかいぜんたいにひろがる。,Ảnh hưởng của việc rò rỉ thông tin lan rộng ra toàn xã hội.
374,コロケーション,リスク・問題対応,Reading,Section1,老朽化した設備は安全性が（　　　）。,懸念される,悪化する,広がる,究明する,1,安全性が懸念される = có lo ngại về tính an toàn,ろうきゅうかしたせつびはあんぜんせいがけねんされる。,Thiết bị đã xuống cấp làm dấy lên lo ngại về tính an toàn.
375,コロケーション,リスク・問題対応,Reading,Section1,過剰投資によって経営危機に（　　　）可能性がある。,問われる,陥る,広がる,懸念する,2,危機に陥る = rơi vào khủng hoảng,かじょうとうしによってけいえいききにおちいるかのうせいがある。,Có khả năng rơi vào khủng hoảng quản lý do đầu tư quá mức.
376,コロケーション,リスク・問題対応,Reading,Section1,品質問題が発覚し企業の責任が（　　　）。,問われる,揺らぐ,生じる,被る,1,責任が問われる = trách nhiệm bị truy cứu,ひんしつもんだいがはっかくしきぎょうのせきにんがとわれる。,Vấn đề chất lượng bị phát hiện khiến trách nhiệm của doanh nghiệp bị truy cứu.
377,コロケーション,リスク・問題対応,Reading,Section1,新規事業への投資について、経営陣は（　　　）。,訴訟リスクを懸念した,危機感を募らせた,瑕疵を補修した,懸念の声があった,1,訴訟リスクを懸念する = lo ngại rủi ro kiện tụng,しんきじぎょうへのとうしについて、けいえいじんはそしょうリスクをけねんした。,Ban lãnh đạo lo ngại rủi ro kiện tụng liên quan đến khoản đầu tư vào dự án mới.
378,コロケーション,リスク・問題対応,Reading,Section1,業績悪化を受けて、社員の間で（　　　）。,危機感を募らせた,訴訟リスクを懸念した,瑕疵を指摘した,懸念の声があった,1,危機感を募らせる = gia tăng cảm giác khủng hoảng,ぎょうせきあっかをうけて、しゃいんのあいだでききかんをつのらせた。,"Do kết quả kinh doanh xấu đi, cảm giác khủng hoảng trong nhân viên ngày càng tăng."
379,コロケーション,リスク・問題対応,Reading,Section1,新制度の導入について社内では（　　　）。,懸念の声があった,危機感を募らせた,瑕疵が見つかった,訴訟リスクを懸念した,1,懸念の声がある = có ý kiến bày tỏ lo ngại,しんせいどのどうにゅうについてしゃないではけねんのこえがあった。,Trong nội bộ đã có nhiều ý kiến bày tỏ lo ngại về việc áp dụng chế độ mới.
380,コロケーション,リスク・問題対応,Reading,Section1,検査の結果、製品に（　　　）。,瑕疵が見つかった,瑕疵を補修した,瑕疵を指摘した,危機感を募らせた,1,瑕疵が見つかる = phát hiện khuyết tật,けんさのけっか、せいひんにかしがみつかった。,Kết quả kiểm tra cho thấy sản phẩm có khuyết tật.
381,コロケーション,リスク・問題対応,Reading,Section1,施工会社は発見された瑕疵を速やかに（　　　）。,補修した,見つかった,指摘した,懸念した,1,瑕疵を補修する = sửa chữa khuyết tật,せこうがいしゃははっけんされたかしをすみやかにほしゅうした。,Công ty thi công đã nhanh chóng sửa chữa các khuyết tật được phát hiện.
382,コロケーション,リスク・問題対応,Reading,Section1,監査で複数の瑕疵を（　　　）。,指摘した,補修した,見つかった,懸念した,1,瑕疵を指摘する = chỉ ra khuyết tật,かんさでふくすうのかしをしてきした。,Trong cuộc kiểm toán đã chỉ ra nhiều khuyết tật.
383,コロケーション,評価・分析,Reading,Section1,会議ではその案に対して厳しい意見が（　　　）。,出る,上げる,つながる,秘める,1,意見が出る = xuất hiện ý kiến,かいぎではそのあんにたいしてきびしいいけんがでる。,Trong cuộc họp đã xuất hiện nhiều ý kiến nghiêm khắc đối với đề án đó.
384,コロケーション,評価・分析,Reading,Section1,提案については前向きに（　　　）。,評価する,検討する,判断する,期待する,2,前向きに検討する = xem xét tích cực,ていあんについてはまえむきにけんとうする。,Đề xuất đó sẽ được xem xét theo hướng tích cực.
385,コロケーション,評価・分析,Reading,Section1,重要な案件なので慎重に（　　　）必要がある。,秘める,期待する,判断する,つながる,3,慎重に判断する = cân nhắc thận trọng,じゅうようなあんけんなのでしんちょうにはんだんするひつようがある。,Vì là vụ việc quan trọng nên cần cân nhắc một cách thận trọng.
386,コロケーション,評価・分析,Reading,Section1,新システムの導入で大きな効果が（　　　）。,期待される,評価される,上げられる,出される,1,効果が期待される = được kỳ vọng mang lại hiệu quả,しんシステムのどうにゅうでおおきなこうかがきたいされる。,Việc triển khai hệ thống mới được kỳ vọng sẽ mang lại hiệu quả lớn.
387,コロケーション,評価・分析,Reading,Section1,営業部は今年も高い成果を（　　　）。,見込まれる,上げる,秘める,判断する,2,成果を上げる = đạt thành tích,えいぎょうぶはことしもたかいせいかをあげる。,Phòng kinh doanh năm nay cũng đạt được thành tích cao.
388,コロケーション,評価・分析,Reading,Section1,今回の改善活動が良い結果に（　　　）ことを期待している。,評価する,つながる,秘める,出る,2,結果につながる = dẫn đến kết quả,こんかいのかいぜんかつどうがよいけっかにつながることをきたいしている。,Hy vọng hoạt động cải tiến lần này sẽ dẫn đến kết quả tốt.
389,コロケーション,評価・分析,Reading,Section1,海外市場ではさらなる成長が（　　　）。,見込まれる,上げられる,判断される,出される,1,成長が見込まれる = được dự báo tăng trưởng,かいがいしじょうではさらなるせいちょうがみこまれる。,Thị trường nước ngoài được dự báo sẽ tiếp tục tăng trưởng.
390,コロケーション,評価・分析,Reading,Section1,この技術は大きな可能性を（　　　）。,つなげる,評価する,見込む,秘める,4,可能性を秘める = ẩn chứa tiềm năng,このぎじゅつはおおきなかのうせいをひめる。,Công nghệ này ẩn chứa tiềm năng rất lớn.
391,コロケーション,評価・分析,Reading,Section1,彼の提案は経営陣から高く（　　　）。,評価された,判断された,秘められた,出された,1,高く評価される = được đánh giá cao,かれのていあんはけいえいじんからたかくひょうかされた。,Đề xuất của anh ấy được ban lãnh đạo đánh giá cao.
392,コロケーション,評価・分析,Reading,Section1,現場から改善を求める意見が（　　　）。,上がる,出る,期待される,見込まれる,1,意見が上がる = có ý kiến được đưa ra,げんばからかいぜんをもとめるいけんがあがる。,Từ hiện trường đã có ý kiến yêu cầu cải tiến.
393,コロケーション,評価・分析,Reading,Section1,その案件は正式に（　　　）ことになった。,検討する,承認する,上げる,秘める,2,案件を承認する = phê duyệt phương án,そのあんけんはせいしきにしょうにんすることになった。,Phương án đó đã được chính thức phê duyệt.
394,コロケーション,評価・分析,Reading,Section1,将来への影響を慎重に（　　　）。,評価する,判断する,期待する,出す,1,影響を評価する = đánh giá ảnh hưởng,しょうらいへのえいきょうをしんちょうにひょうかする。,Đánh giá cẩn thận ảnh hưởng trong tương lai.
395,コロケーション,評価・分析,Reading,Section1,コスト削減による効果が（　　　）。,期待される,秘められる,つながる,上げる,1,効果が期待される = được kỳ vọng mang lại hiệu quả,コストさくげんによるこうかがきたいされる。,Hiệu quả từ việc cắt giảm chi phí được kỳ vọng.
396,コロケーション,評価・分析,Reading,Section1,新たな営業戦略で成果を（　　　）ことができた。,判断する,出る,上げる,見込む,3,成果を上げる = đạt thành tích,あらたなえいぎょうせんりゃくでせいかをあげることができた。,Đã đạt được thành tích nhờ chiến lược kinh doanh mới.
397,コロケーション,評価・分析,Reading,Section1,社員教育の充実が業績向上という結果に（　　　）。,つながった,評価された,判断された,秘めた,1,結果につながる = dẫn đến kết quả,しゃいんきょういくのじゅうじつがぎょうせきこうじょうというけっかにつながった。,Việc nâng cao chất lượng đào tạo nhân viên đã dẫn đến kết quả là cải thiện thành tích kinh doanh.
398,コロケーション,評価・分析,Reading,Section1,AI市場は今後も成長が（　　　）。,秘められる,見込まれる,上げられる,出される,2,成長が見込まれる = được dự báo tăng trưởng,エーアイしじょうはこんごもせいちょうがみこまれる。,Thị trường AI được dự báo sẽ tiếp tục tăng trưởng trong tương lai.
399,コロケーション,評価・分析,Reading,Section1,この企画は大きな可能性を（　　　）と考えられる。,評価する,つながる,秘める,判断する,3,可能性を秘める = có tiềm năng lớn,このきかくはおおきなかのうせいをひめるとかんがえられる。,Kế hoạch này được cho là có tiềm năng rất lớn.
400,コロケーション,評価・分析,Reading,Section1,市場の反応を見て慎重に（　　　）べきだ。,出る,上げる,期待する,判断する,4,慎重に判断する = đưa ra quyết định thận trọng,しじょうのはんのうをみてしんちょうにはんだんするべきだ。,Nên đưa ra quyết định thận trọng sau khi xem phản ứng của thị trường.
401,コロケーション,評価・分析,Reading,Section1,今回のプロジェクトで評価を（　　　）。,受ける,分析する,洗い出す,測定する,1,評価を受ける = nhận được đánh giá,こんかいのプロジェクトでひょうかをうける。,Nhận được đánh giá trong dự án lần này.
402,コロケーション,評価・分析,Reading,Section1,新商品は市場から高い評価を（　　　）。,確認する,得る,把握する,立てる,2,高い評価を得る = nhận được đánh giá cao,しんしょうひんはしじょうからたかいひょうかをえる。,Sản phẩm mới nhận được đánh giá cao từ thị trường.
403,コロケーション,評価・分析,Reading,Section1,長年の努力の成果が（　　　）。,分析される,向上する,認められる,見込まれる,3,成果が認められる = thành quả được công nhận,ながねんのどりょくのせいかがみとめられる。,Thành quả của nhiều năm nỗ lực đã được công nhận.
404,コロケーション,評価・分析,Reading,Section1,営業部は大きな実績を（　　　）。,把握する,明らかにする,分析する,上げる,4,実績を上げる = đạt thành tích,えいぎょうぶはおおきなじっせきをあげる。,Phòng kinh doanh đã đạt được thành tích lớn.
405,コロケーション,評価・分析,Reading,Section1,海外展開によって業績を（　　　）ことができた。,伸ばす,測定する,確認する,洗い出す,1,業績を伸ばす = cải thiện kết quả kinh doanh,かいがいてんかいによってぎょうせきをのばすことができた。,Nhờ mở rộng ra thị trường nước ngoài mà kết quả kinh doanh được cải thiện.
406,コロケーション,評価・分析,Reading,Section1,業務改善により業績が（　　　）。,分析する,向上する,把握する,認められる,2,業績が向上する = kết quả kinh doanh được cải thiện,ぎょうむかいぜんによりぎょうせきがこうじょうする。,Kết quả kinh doanh được cải thiện nhờ cải tiến nghiệp vụ.
407,コロケーション,評価・分析,Reading,Section1,施策の効果を（　　　）ため調査を行った。,把握する,検証する,上げる,立てる,2,効果を検証する = kiểm chứng hiệu quả,しさくのこうかをけんしょうするためちょうさをおこなった。,Đã tiến hành khảo sát để kiểm chứng hiệu quả của biện pháp.
408,コロケーション,評価・分析,Reading,Section1,売上データを（　　　）ことで問題点を発見した。,明らかにする,把握する,認める,分析する,4,データを分析する = phân tích dữ liệu,うりあげデータをぶんせきすることでもんだいてんをはっけんした。,Đã phát hiện vấn đề thông qua việc phân tích dữ liệu doanh thu.
409,コロケーション,評価・分析,Reading,Section1,新規事業のため市場を（　　　）。,分析する,上げる,測定する,洗い出す,1,市場を分析する = phân tích thị trường,しんきじぎょうのためしじょうをぶんせきする。,Phân tích thị trường cho dự án kinh doanh mới.
410,コロケーション,評価・分析,Reading,Section1,トラブルの原因を（　　　）必要がある。,把握する,究明する,確認する,向上する,2,原因を究明する = làm rõ nguyên nhân,トラブルのげんいんをきゅうめいするひつようがある。,Cần làm rõ nguyên nhân của sự cố.
411,コロケーション,評価・分析,Reading,Section1,市場の傾向を（　　　）ことが重要だ。,把握する,認める,上げる,測定する,1,傾向を把握する = nắm bắt xu hướng,しじょうのけいこうをはあくすることがじゅうようだ。,Việc nắm bắt xu hướng thị trường là rất quan trọng.
412,コロケーション,評価・分析,Reading,Section1,まず現状を（　　　）うえで対策を考える。,明らかにする,立てる,推進する,見込む,1,現状を明らかにする = làm rõ tình hình hiện tại,まずげんじょうをあきらかにするうえでたいさくをかんがえる。,Trước tiên cần làm rõ tình hình hiện tại rồi mới xem xét đối sách.
413,コロケーション,評価・分析,Reading,Section1,調査によって課題を（　　　）。,分析する,明らかにする,上げる,認める,2,課題を明らかにする = làm rõ vấn đề,ちょうさによってかだいをあきらかにする。,Đã làm rõ các vấn đề thông qua cuộc khảo sát.
414,コロケーション,評価・分析,Reading,Section1,会議で改善点を（　　　）ことになった。,洗い出す,測定する,推進する,向上する,1,改善点を洗い出す = liệt kê điểm cần cải thiện,かいぎでかいぜんてんをあらいだすことになった。,Đã quyết định liệt kê các điểm cần cải thiện trong cuộc họp.
415,コロケーション,評価・分析,Reading,Section1,来年度の見通しを（　　　）必要がある。,把握する,立てる,分析する,認める,2,見通しを立てる = lập dự báo,らいねんどのみとおしをたてるひつようがある。,Cần lập dự báo cho năm tài chính tới.
416,コロケーション,評価・分析,Reading,Section1,この事業には十分な将来性が（　　　）。,広げる,認められる,ある,上がる,3,将来性がある = có triển vọng trong tương lai,このじぎょうにはじゅうぶんなしょうらいせいがある。,Dự án kinh doanh này có đủ tiềm năng phát triển trong tương lai.
417,コロケーション,評価・分析,Reading,Section1,新興国では大きな需要が（　　　）。,見込まれる,測定される,分析される,把握される,1,需要が見込まれる = nhu cầu được dự báo,しんこうこくではおおきなじゅようがみこまれる。,Nhu cầu lớn được dự báo tại các nước đang phát triển.
418,コロケーション,評価・分析,Reading,Section1,この事業では安定した収益が（　　　）。,提出される,見込まれる,測定られる,上げられる,2,収益が見込まれる = lợi nhuận được dự báo,このじぎょうではあんていしたしゅうえきがみこまれる。,Dự án này được dự báo sẽ mang lại nguồn lợi nhuận ổn định.
419,コロケーション,評価・分析,Reading,Section1,施策の効果を（　　　）ため指標を設定した。,確認する,分析する,測定する,把握する,3,効果を測定する = đo lường hiệu quả,しさくのこうかをそくていするためしひょうをせっていした。,Đã thiết lập chỉ số để đo lường hiệu quả của biện pháp.
420,コロケーション,評価・分析,Reading,Section1,新制度の効果を（　　　）必要がある。,整理する,分析する,検証する,把握する,3,効果を検証する = kiểm chứng hiệu quả,しんせいどのこうかをけんしょうするひつようがある。,Cần kiểm chứng hiệu quả của chế độ mới.
421,コロケーション,評価・分析,Reading,Section1,予算超過を防ぐため数字を（　　　）。,見直す,把握する,確認する,分析する,1,数字を見直す = rà soát số liệu,よさんちょうかをふせぐためすうじをみなおす。,Rà soát lại số liệu để tránh vượt ngân sách.
422,コロケーション,評価・分析,Reading,Section1,提出前に内容を（　　　）必要がある。,分析する,整理する,精査する,貢献する,3,内容を精査する = kiểm tra kỹ nội dung,ていしゅつまえにないようをせいさするひつようがある。,Cần kiểm tra kỹ nội dung trước khi nộp.
423,コロケーション,評価・分析,Reading,Section1,海外進出の前に市場を（　　　）必要がある。,洗い出す,整理する,分析する,測定する,3,市場を分析する = phân tích thị trường,かいがいしんしゅつのまえにしじょうをぶんせきするひつようがある。,Cần phân tích thị trường trước khi mở rộng ra nước ngoài.
424,コロケーション,評価・分析,Reading,Section1,問題解決のため課題を（　　　）。,分析する,把握する,調査する,評価する,1,課題を分析する = phân tích vấn đề,もんだいかいけつのためかだいをぶんせきする。,Phân tích vấn đề để giải quyết khó khăn.
425,コロケーション,評価・分析,Reading,Section1,顧客のニーズを（　　　）ことが重要だ。,整理する,把握する,予測する,洗い出す,2,ニーズを把握する = nắm bắt nhu cầu,こきゃくのニーズをはあくすることがじゅうようだ。,Việc nắm bắt nhu cầu khách hàng là rất quan trọng.
426,コロケーション,評価・分析,Reading,Section1,競合他社の動向を（　　　）必要がある。,評価する,調査する,把握する,分析する,3,動向を把握する = nắm bắt xu hướng,きょうごうたしゃのどうこうをはあくするひつようがある。,Cần nắm bắt xu hướng của các đối thủ cạnh tranh.
427,コロケーション,評価・分析,Reading,Section1,事前にリスクを（　　　）ことで損失を防ぐ。,把握する,提出する,整理する,測定する,1,リスクを把握する = nắm bắt rủi ro,じぜんにリスクをはあくすることでそんしつをふせぐ。,Nắm bắt rủi ro từ trước để ngăn ngừa tổn thất.
428,コロケーション,評価・分析,Reading,Section1,会議の前に論点を（　　　）。,評価する,整理する,洗い出す,調査する,2,論点を整理する = sắp xếp luận điểm,かいぎのまえにろんてんをせいりする。,Sắp xếp các luận điểm trước cuộc họp.
429,コロケーション,評価・分析,Reading,Section1,限られた時間の中では優先順位を（　　　）必要がある。,つける,評価する,測定する,調査する,1,優先順位をつける = xác định thứ tự ưu tiên,かぎられたじかんのなかではゆうせんじゅんいをつけるひつようがある。,Trong thời gian hạn chế cần xác định thứ tự ưu tiên.
430,コロケーション,評価・分析,Reading,Section1,新規システム導入による業務への影響を（　　　）。,評価する,延期する,見直す,判断する,1,影響を評価する = đánh giá mức độ ảnh hưởng.,しんきシステムどうにゅうによるぎょうむへのえいきょうをひょうかする。,Đánh giá ảnh hưởng của việc triển khai hệ thống mới đối với công việc.
431,コロケーション,評価・分析,Reading,Section1,状況に鑑み、納期を（　　　）ことにした。,延期する,評価する,改善する,把握する,1,状況に鑑み、延期する = căn cứ vào tình hình để hoãn thời hạn.,じょうきょうにかんがみ、のうきをえんきすることにした。,"Căn cứ vào tình hình, quyết định hoãn thời hạn giao hàng."
432,コロケーション,評価・分析,Reading,Section1,現状に鑑み、計画を（　　　）必要がある。,見直す,延期する,実施する,公表する,1,現状に鑑み、見直す = xem xét lại dựa trên tình hình hiện tại.,げんじょうにかんがみ、けいかくをみなおすひつようがある。,Cần xem xét lại kế hoạch dựa trên tình hình hiện tại.
433,コロケーション,評価・分析,Reading,Section1,実情に鑑み、対応方針を（　　　）。,判断する,延期する,削減する,評価する,1,実情に鑑み、判断する = đưa ra quyết định dựa trên tình hình thực tế.,じつじょうにかんがみ、たいおうほうしんをはんだんする。,Đưa ra quyết định về phương án xử lý dựa trên tình hình thực tế.
434,コロケーション,評価・分析,Reading,Section1,社会情勢に鑑み、事業方針を（　　　）こととなった。,決定する,評価する,延期する,縮小する,1,社会情勢に鑑み、決定する = quyết định dựa trên tình hình xã hội.,しゃかいじょうせいにかんがみ、じぎょうほうしんをけっていすることとなった。,Công ty quyết định phương hướng kinh doanh dựa trên tình hình xã hội.
435,ニュアンス,評価・分析,Reading,Section1,今回の対応は（　　　）極まりない。,危険,成果,現状,業績,1,危険極まりない = cực kỳ nguy hiểm,こんかいのたいおうはきけんきわまりない。,Cách xử lý lần này cực kỳ nguy hiểm.
436,ニュアンス,評価・分析,Reading,Section1,今回の判断は（　　　）極まりない。,遺憾,傾向,業績,成果,1,遺憾極まりない = vô cùng đáng tiếc,こんかいのはんだんはいかんきわまりない。,Quyết định lần này vô cùng đáng tiếc.
437,ニュアンス,評価・分析,Reading,Section1,責任者でありながら説明を避けるのは（　　　）極まりない。,無責任,現状,成果,傾向,1,無責任極まりない = cực kỳ vô trách nhiệm,せきにんしゃでありながらせつめいをさけるのはむせきにんきわまりない。,Là người chịu trách nhiệm mà né tránh giải thích thì cực kỳ vô trách nhiệm.
438,ニュアンス,評価・分析,Reading,Section1,契約内容を一方的に変更するのは（　　　）極まりない。,理不尽,業績,現状,成果,1,理不尽極まりない = cực kỳ vô lý,けいやくないようをいっぽうてきにへんこうするのはりふじんきわまりない。,Việc đơn phương thay đổi nội dung hợp đồng là cực kỳ vô lý.
439,コロケーション,スケジュール・進捗,Reading,Section1,プロジェクトの進捗を（　　　）必要がある。,効率化する,管理する,防止する,急ぐ,2,進捗を管理する = quản lý tiến độ,プロジェクトのしんちょくをかんりするひつようがある。,Cần quản lý tiến độ của dự án.
440,コロケーション,スケジュール・進捗,Reading,Section1,生産ライン全体の工程を（　　　）。,管理する,調整する,効率化する,講じる,1,工程を管理する = quản lý công đoạn,せいさんラインぜんたいのこうていをかんりする。,Quản lý toàn bộ công đoạn của dây chuyền sản xuất.
441,コロケーション,スケジュール・進捗,Reading,Section1,会議日程の変更に伴いスケジュールを（　　　）。,効率化する,管理する,調整する,防止する,3,スケジュールを調整する = điều chỉnh lịch trình,かいぎにっていのへんこうにともないスケジュールをちょうせいする。,Điều chỉnh lịch trình do thay đổi lịch họp.
442,コロケーション,スケジュール・進捗,Reading,Section1,関係者と相談して日程を（　　　）。,進める,急ぐ,守る,調整する,4,日程を調整する = điều chỉnh lịch trình,かんけいしゃとそうだんしてにっていをちょうせいする。,Trao đổi với các bên liên quan để điều chỉnh lịch trình.
443,コロケーション,スケジュール・進捗,Reading,Section1,顧客との約束なので納期を（　　　）ことが重要だ。,守る,遅れる,管理する,講じる,1,納期を守る = tuân thủ thời hạn,こきゃくとのやくそくなのでのうきをまもることがじゅうようだ。,Vì là cam kết với khách hàng nên việc tuân thủ thời hạn giao hàng rất quan trọng.
444,コロケーション,スケジュール・進捗,Reading,Section1,部品の調達が遅れたため納期が（　　　）。,守る,遅れる,急ぐ,効率化する,2,納期が遅れる = giao hàng chậm,ぶひんのちょうたつがおくれたためのうきがおくれる。,Do việc cung ứng linh kiện bị chậm nên thời hạn giao hàng bị trễ.
445,コロケーション,スケジュール・進捗,Reading,Section1,人手不足のため作業が（　　　）。,管理する,進める,滞る,防ぐ,3,作業が滞る = công việc đình trệ,ひとでぶそくのためさぎょうがとどこおる。,Do thiếu nhân lực nên công việc bị đình trệ.
446,コロケーション,スケジュール・進捗,Reading,Section1,システム導入によって業務を（　　　）。,効率化する,管理する,急ぐ,調整する,1,業務を効率化する = nâng cao hiệu quả công việc,システムどうにゅうによってぎょうむをこうりつかする。,Nâng cao hiệu quả công việc nhờ triển khai hệ thống.
447,コロケーション,スケジュール・進捗,Reading,Section1,作業手順を見直して作業を（　　　）。,管理する,効率化する,防止する,講じる,2,作業を効率化する = nâng cao hiệu quả công việc,さぎょうてじゅんをみなおしてさぎょうをこうりつかする。,Rà soát quy trình làm việc để nâng cao hiệu quả công việc.
448,コロケーション,スケジュール・進捗,Reading,Section1,担当者の負担を（　　　）ため人員を増やした。,軽減する,急ぐ,守る,滞る,1,負担を軽減する = giảm gánh nặng,たんとうしゃのふたんをけいげんするためじんいんをふやした。,Đã tăng nhân sự để giảm gánh nặng cho người phụ trách.
449,コロケーション,スケジュール・進捗,Reading,Section1,確認作業を徹底してミスを（　　　）。,効率化する,防ぐ,管理する,調整する,2,ミスを防ぐ = ngăn ngừa sai sót,かくにんさぎょうをてっていしてミスをふせぐ。,Thực hiện kiểm tra kỹ lưỡng để ngăn ngừa sai sót.
450,コロケーション,スケジュール・進捗,Reading,Section1,同じトラブルの再発を（　　　）必要がある。,進める,軽減する,防止する,守る,3,再発を防止する = ngăn ngừa tái diễn,おなじトラブルのさいはつをぼうしするひつようがある。,Cần ngăn ngừa việc tái diễn cùng một sự cố.
451,コロケーション,スケジュール・進捗,Reading,Section1,計画通りに作業を（　　　）。,防ぐ,講じる,急ぐ,進める,4,作業を進める = tiến hành công việc,けいかくどおりにさぎょうをすすめる。,Tiến hành công việc theo đúng kế hoạch.
452,コロケーション,スケジュール・進捗,Reading,Section1,問題解決のため対策を（　　　）。,講じる,管理する,効率化する,遅れる,1,対策を講じる = thực hiện biện pháp,もんだいかいけつのためたいさくをこうじる。,Thực hiện biện pháp để giải quyết vấn đề.
453,コロケーション,スケジュール・進捗,Reading,Section1,クレーム対応のため処理を（　　　）必要がある。,守る,急ぐ,防ぐ,調整する,2,処理を急ぐ = đẩy nhanh việc xử lý,クレームたいおうのためしょりをいそぐひつようがある。,Cần đẩy nhanh việc xử lý khiếu nại.
454,コロケーション,スケジュール・進捗,Reading,Section1,管理者は進捗を（　　　）ながら状況を確認した。,管理し,調整し,効率化し,防止し,1,進捗を管理する = quản lý tiến độ,かんりしゃはしんちょくをかんりしながらじょうきょうをかくにんした。,Người quản lý vừa quản lý tiến độ vừa xác nhận tình hình.
455,コロケーション,スケジュール・進捗,Reading,Section1,繁忙期に備えて工程を（　　　）。,軽減する,管理する,急ぐ,調整する,2,工程を管理する = quản lý công đoạn,はんぼうきにそなえてこうていをかんりする。,Quản lý công đoạn để chuẩn bị cho mùa cao điểm.
456,コロケーション,スケジュール・進捗,Reading,Section1,参加者全員の都合に合わせて日程を（　　　）。,防ぐ,守る,調整する,講じる,3,日程を調整する = điều chỉnh lịch trình,さんかしゃぜんいんのつごうにあわせてにっていをちょうせいする。,Điều chỉnh lịch trình phù hợp với tất cả người tham gia.
457,コロケーション,スケジュール・進捗,Reading,Section1,品質向上のためミスを（　　　）仕組みを導入した。,防ぐ,効率化する,急ぐ,管理する,1,ミスを防ぐ = ngăn ngừa sai sót,ひんしつこうじょうのためミスをふせぐしくみをどうにゅうした。,Đã triển khai cơ chế ngăn ngừa sai sót nhằm nâng cao chất lượng.
458,コロケーション,スケジュール・進捗,Reading,Section1,顧客への影響を避けるため対策を（　　　）。,講じる,守る,管理する,急ぐ,1,対策を講じる = thực hiện đối sách,こきゃくへのえいきょうをさけるためたいさくをこうじる。,"Để tránh ảnh hưởng đến khách hàng, cần thực hiện đối sách."
459,コロケーション,スケジュール・進捗,Reading,Section1,毎週の会議で進捗を（　　　）。,確認する,把握する,組む,配置する,1,進捗を確認する = xác nhận tiến độ,まいしゅうのかいぎでしんちょくをかくにんする。,Xác nhận tiến độ trong cuộc họp hằng tuần.
460,コロケーション,スケジュール・進捗,Reading,Section1,管理者は常に進捗を（　　　）必要がある。,見直す,把握する,解決する,引き継ぐ,2,進捗を把握する = nắm bắt tiến độ,かんりしゃはつねにしんちょくをはあくするひつようがある。,Người quản lý luôn cần nắm bắt tiến độ.
461,コロケーション,スケジュール・進捗,Reading,Section1,生産効率向上のため工程を（　　　）。,配置する,削減する,見直す,組む,3,工程を見直す = rà soát quy trình,せいさんこうりつこうじょうのためこうていをみなおす。,Rà soát quy trình nhằm nâng cao hiệu suất sản xuất.
462,コロケーション,スケジュール・進捗,Reading,Section1,新プロジェクトのスケジュールを（　　　）。,改善する,解決する,引き継ぐ,組む,4,スケジュールを組む = lập lịch trình,しんプロジェクトのスケジュールをくむ。,Lập lịch trình cho dự án mới.
463,コロケーション,スケジュール・進捗,Reading,Section1,まず全体の計画を（　　　）ことから始めよう。,立てる,見直す,配置する,省く,1,計画を立てる = lập kế hoạch,まずぜんたいのけいかくをたてることからはじめよう。,Trước tiên hãy bắt đầu bằng việc lập kế hoạch tổng thể.
464,コロケーション,スケジュール・進捗,Reading,Section1,市場環境の変化に応じて計画を（　　　）。,解決する,見直す,引き継ぐ,整える,2,計画を見直す = rà soát kế hoạch,しじょうかんきょうのへんかにおうじてけいかくをみなおす。,Rà soát lại kế hoạch theo sự thay đổi của môi trường thị trường.
465,コロケーション,スケジュール・進捗,Reading,Section1,限られた時間の中では優先順位を（　　　）必要がある。,配置する,つける,省く,改善する,2,優先順位をつける = xác định ưu tiên,かぎられたじかんのなかではゆうせんじゅんいをつけるひつようがある。,Trong thời gian hạn chế cần xác định thứ tự ưu tiên.
466,コロケーション,スケジュール・進捗,Reading,Section1,適材適所で人員を（　　　）。,配置する,削減する,解決する,組む,1,人員を配置する = bố trí nhân sự,てきざいてきしょでじんいんをはいちする。,Bố trí nhân sự đúng người đúng việc.
467,コロケーション,スケジュール・進捗,Reading,Section1,生産性向上のため業務を（　　　）。,見直す,改善する,把握する,引き継ぐ,2,業務を改善する = cải thiện nghiệp vụ,せいさんせいこうじょうのためぎょうむをかいぜんする。,Cải thiện nghiệp vụ nhằm nâng cao năng suất.
468,コロケーション,スケジュール・進捗,Reading,Section1,品質向上のため工程を（　　　）。,配置する,解決する,改善する,組む,3,工程を改善する = cải thiện quy trình,ひんしつこうじょうのためこうていをかいぜんする。,Cải thiện quy trình nhằm nâng cao chất lượng.
469,コロケーション,スケジュール・進捗,Reading,Section1,作業手順を見直して無駄を（　　　）。,省く,引き継ぐ,立てる,把握する,1,無駄を省く = loại bỏ lãng phí,さぎょうてじゅんをみなおしてむだをはぶく。,Rà soát quy trình làm việc để loại bỏ lãng phí.
470,コロケーション,スケジュール・進捗,Reading,Section1,利益確保のためコストを（　　　）。,配置する,削減する,改善する,整える,2,コストを削減する = cắt giảm chi phí,りえきかくほのためコストをさくげんする。,Cắt giảm chi phí nhằm đảm bảo lợi nhuận.
471,コロケーション,スケジュール・進捗,Reading,Section1,チーム全員で問題を（　　　）。,組む,見直す,解決する,引き継ぐ,3,問題を解決する = giải quyết vấn đề,チームぜんいんでもんだいをかいけつする。,Cả nhóm cùng giải quyết vấn đề.
472,コロケーション,スケジュール・進捗,Reading,Section1,長年の課題を（　　　）ことができた。,立てる,配置する,改善する,解決する,4,課題を解決する = giải quyết vấn đề,ながねんのかだいをかいけつすることができた。,Đã giải quyết được vấn đề tồn đọng nhiều năm.
473,コロケーション,スケジュール・進捗,Reading,Section1,残業してでも遅れを（　　　）必要がある。,取り戻す,省く,引き継ぐ,見直す,1,遅れを取り戻す = bù tiến độ,ざんぎょうしてでもおくれをとりもどすひつようがある。,Cần bù lại tiến độ dù phải làm thêm giờ.
474,コロケーション,スケジュール・進捗,Reading,Section1,何とか納期に（　　　）よう努力している。,配置する,間に合わせる,解決する,整える,2,納期に間に合わせる = kịp hạn giao hàng,なんとかのうきにまにあわせるようどりょくしている。,Đang cố gắng để kịp thời hạn giao hàng.
475,コロケーション,スケジュール・進捗,Reading,Section1,異動前に業務を（　　　）。,改善する,引き継ぐ,把握する,削減する,2,業務を引き継ぐ = bàn giao công việc,いどうまえにぎょうむをひきつぐ。,Bàn giao công việc trước khi chuyển bộ phận.
476,コロケーション,スケジュール・進捗,Reading,Section1,退職前に担当業務を（　　　）ことになった。,組む,解決する,引き継ぐ,見直す,3,担当業務を引き継ぐ = bàn giao công việc phụ trách,たいしょくまえにたんとうぎょうむをひきつぐことになった。,"Trước khi nghỉ việc, tôi sẽ bàn giao công việc phụ trách."
477,コロケーション,スケジュール・進捗,Reading,Section1,新体制に向けて体制を（　　　）。,整える,配置する,削減する,把握する,1,体制を整える = hoàn thiện cơ cấu,しんたいせいにむけてたいせいをととのえる。,Hoàn thiện cơ cấu để chuẩn bị cho bộ máy mới.
478,コロケーション,スケジュール・進捗,Reading,Section1,会社全体で改善を（　　　）。,引き継ぐ,進める,間に合わせる,解決する,2,改善を進める = thúc đẩy cải tiến,かいしゃぜんたいでかいぜんをすすめる。,Thúc đẩy hoạt động cải tiến trên toàn công ty.
479,コロケーション,スケジュール・進捗,Reading,Section1,契約書に記載された期限までに製品を（　　　）必要がある。,納期どおりに納入する,一括して納入する,数量が揃う,業務に取りかかる,1,納期どおりに納入する = giao hàng đúng thời hạn đã cam kết.,けいやくしょにきさいされたきげんまでにせいひんをのうきどおりにのうにゅうするひつようがある。,Cần giao sản phẩm đúng thời hạn đã ghi trong hợp đồng.
480,コロケーション,スケジュール・進捗,Reading,Section1,物流コストを削減するため、製品を（　　　）ことにした。,数量が揃う,一括して納入する,作業に取りかかる,決算を間近に控える,2,一括して納入する = giao hàng một lần để giảm chi phí logistics.,ぶつりゅうコストをさくげんするため、せいひんをいっかつしてのうにゅうすることにした。,"Để giảm chi phí logistics, công ty quyết định giao hàng một lần."
481,コロケーション,スケジュール・進捗,Reading,Section1,必要な部品の（　　　）ので、生産を開始できる。,納期どおりに納入する,作業に取りかかる,数量が揃った,業務に取りかかる,3,数量が揃う = số lượng cần thiết đã đầy đủ.,ひつようなぶひんのすうりょうがそろったので、せいさんをかいしできる。,Cuối cùng số lượng linh kiện cần thiết đã đủ nên có thể bắt đầu sản xuất.
482,コロケーション,スケジュール・進捗,Reading,Section1,準備が整ったので、予定どおり（　　　）。,数量が揃う,決算を間近に控える,作業に取りかかる,納期どおりに納入する,3,作業に取りかかる = bắt tay vào công việc.,じゅんびがととのったので、よていどおりさぎょうにとりかかる。,Vì công tác chuẩn bị đã hoàn tất nên bắt đầu công việc theo kế hoạch.
483,コロケーション,スケジュール・進捗,Reading,Section1,新入社員は来週から営業（　　　）。,作業に取りかかる,業務に取りかかる,数量が揃う,一括して納入する,2,業務に取りかかる = bắt đầu đảm nhận công việc.,しんにゅうしゃいんはらいしゅうからえいぎょうぎょうむにとりかかる。,Nhân viên mới sẽ bắt đầu đảm nhận công việc kinh doanh từ tuần sau.
484,コロケーション,スケジュール・進捗,Reading,Section1,当社は今月末に（　　　）ため、各部署は最終確認を進めている。,業務に取りかかる,納期どおりに納入する,決算を間近に控えている,数量が揃っている,3,決算を間近に控える = sắp đến kỳ quyết toán.,とうしゃはこんげつまつにけっさんをまぢかにひかえているため、かくぶしょはさいしゅうかくにんをすすめている。,Công ty sắp đến kỳ quyết toán cuối tháng nên các bộ phận đang tiến hành kiểm tra lần cuối.
485,コロケーション,事業戦略・成長,Reading,Section1,老朽化した設備を更新するため設備投資を（　　　）。,投入する,行う,強化する,高める,2,設備投資を行う = thực hiện đầu tư thiết bị.,ろうきゅうかしたせつびをこうしんするためせつびとうしをおこなう。,Thực hiện đầu tư thiết bị để thay thế các thiết bị đã cũ.
486,コロケーション,事業戦略・成長,Reading,Section1,来月、新製品を市場に（　　　）予定だ。,強化する,投入する,拡大する,行う,2,市場に投入する = tung ra thị trường,らいげつ、しんせいひんをしじょうにとうにゅうするよていだ。,Dự kiến tháng tới sẽ tung sản phẩm mới ra thị trường.
487,コロケーション,事業戦略・成長,Reading,Section1,新規事業を（　　　）ため専門チームを結成した。,立ち上げる,開拓する,高める,強化する,1,新規事業を立ち上げる = khởi động dự án mới,しんきじぎょうをたちあげるためせんもんチームをけっせいした。,Đã thành lập đội chuyên trách để khởi động dự án kinh doanh mới.
488,コロケーション,事業戦略・成長,Reading,Section1,海外需要の増加を受けて事業を（　　　）。,強化する,拡大する,投入する,行う,2,事業を拡大する = mở rộng kinh doanh,かいがいじゅようのぞうかをうけてじぎょうをかくだいする。,Mở rộng hoạt động kinh doanh do nhu cầu nước ngoài tăng.
489,コロケーション,事業戦略・成長,Reading,Section1,アジア地域への海外展開を（　　　）。,開拓する,強化する,進める,高める,3,海外展開を進める = thúc đẩy mở rộng ra nước ngoài,アジアちいきへのかいがいてんかいをすすめる。,Thúc đẩy mở rộng ra thị trường khu vực châu Á.
490,コロケーション,事業戦略・成長,Reading,Section1,新たな顧客層を獲得するため市場を（　　　）。,開拓する,投入する,拡大する,行う,1,市場を開拓する = khai phá thị trường,あらたなこきゃくそうをかくとくするためしじょうをかいたくする。,Khai phá thị trường để thu hút nhóm khách hàng mới.
491,コロケーション,事業戦略・成長,Reading,Section1,広告戦略によってブランド認知度を（　　　）。,高める,強化する,進める,開拓する,1,ブランド認知度を高める = nâng cao mức độ nhận diện thương hiệu.,こうこくせんりゃくによってブランドにんちどをたかめる。,Nâng cao mức độ nhận diện thương hiệu thông qua chiến lược quảng cáo.
492,コロケーション,事業戦略・成長,Reading,Section1,他社との差別化を図り競争力を（　　　）。,拡大する,強化する,投入する,行う,2,競争力を強化する = tăng cường năng lực cạnh tranh,たしゃとの差別化をはかりきょうそうりょくをきょうかする。,Tăng cường năng lực cạnh tranh bằng cách tạo sự khác biệt với đối thủ.
493,コロケーション,事業戦略・成長,Reading,Section1,新規顧客の獲得によって収益力を（　　　）。,強化する,高める,開拓する,進める,1,収益力を強化する = tăng cường khả năng sinh lợi,しんきこきゃくのかくとくによってしゅうえきりょくをきょうかする。,Tăng cường khả năng sinh lợi thông qua việc thu hút khách hàng mới.
494,コロケーション,事業戦略・成長,Reading,Section1,老朽化した設備を更新するため設備投資を（　　　）。,投入する,行う,拡大する,強化する,2,設備投資を行う = thực hiện đầu tư thiết bị,ろうきゅうかしたせつびをこうしんするためせつびとうしをおこなう。,Thực hiện đầu tư thiết bị để thay thế các thiết bị đã cũ.
495,コロケーション,事業戦略・成長,Reading,Section1,企業は継続的に技術開発を（　　　）必要がある。,進める,開拓する,投入する,高める,1,技術開発を進める = thúc đẩy phát triển công nghệ,きぎょうはけいぞくてきにぎじゅつかいはつをすすめるひつようがある。,Doanh nghiệp cần liên tục thúc đẩy phát triển công nghệ.
496,コロケーション,事業戦略・成長,Reading,Section1,需要拡大に合わせて新製品を（　　　）。,強化する,拡大する,投入する,行う,3,新製品を投入する = tung sản phẩm mới,じゅようかくだいにあわせてしんせいひんをとうにゅうする。,Tung sản phẩm mới phù hợp với sự mở rộng nhu cầu.
497,コロケーション,事業戦略・成長,Reading,Section1,会社はIT分野の新規事業を（　　　）。,立ち上げる,強化する,高める,開拓する,1,新規事業を立ち上げる = khởi động dự án mới,かいしゃはアイティーぶんやのしんきじぎょうをたちあげる。,Công ty khởi động dự án kinh doanh mới trong lĩnh vực CNTT.
498,コロケーション,事業戦略・成長,Reading,Section1,アジア各国で事業を（　　　）。,展開する,撤退する,策定する,獲得する,1,事業を展開する = triển khai hoạt động kinh doanh,アジアかっこくでじぎょうをてんかいする。,Triển khai hoạt động kinh doanh tại các nước châu Á.
499,コロケーション,事業戦略・成長,Reading,Section1,経営効率向上のため事業を（　　　）。,活用する,再編する,開拓する,促進する,2,事業を再編する = tái cơ cấu hoạt động kinh doanh,けいえいこうりつこうじょうのためじぎょうをさいへんする。,Tái cơ cấu hoạt động kinh doanh nhằm nâng cao hiệu quả quản lý.
500,コロケーション,事業戦略・成長,Reading,Section1,業績不振のためその事業から（　　　）。,撤退する,拡大する,活用する,策定する,1,事業から撤退する = rút khỏi lĩnh vực kinh doanh,ぎょうせきふしんのためそのじぎょうからてったいする。,Rút khỏi lĩnh vực kinh doanh đó do kết quả kinh doanh kém.
501,コロケーション,事業戦略・成長,Reading,Section1,海外企業が日本の新市場に（　　　）。,開拓する,参入する,拡大する,確保する,2,市場に参入する = gia nhập thị trường,かいがいきぎょうがにほんのしんしじょうにさんにゅうする。,Doanh nghiệp nước ngoài gia nhập thị trường mới tại Nhật Bản.
502,コロケーション,事業戦略・成長,Reading,Section1,新規顧客獲得のため販路を（　　　）。,拡大する,促進する,活用する,打ち出す,1,販路を拡大する = mở rộng kênh tiêu thụ,しんきこきゃくかくとくのためはんろをかくだいする。,Mở rộng kênh tiêu thụ nhằm thu hút khách hàng mới.
503,コロケーション,事業戦略・成長,Reading,Section1,キャンペーンを実施して販売を（　　　）。,開拓する,促進する,策定する,獲得する,2,販売を促進する = thúc đẩy bán hàng,キャンペーンをじっししてはんばいをそくしんする。,Thúc đẩy bán hàng thông qua chiến dịch khuyến mãi.
504,コロケーション,事業戦略・成長,Reading,Section1,新たな販路を（　　　）ため、海外展示会に出展した。,開拓する,拡大する,活用する,確保する,1,販路を開拓する = khai thác kênh tiêu thụ mới.,あらたなはんろをかいたくするため、かいがいてんじかいにしゅってんした。,Tham gia triển lãm ở nước ngoài để mở rộng kênh tiêu thụ mới.
505,コロケーション,事業戦略・成長,Reading,Section1,新商品の投入で市場シェアを（　　　）。,獲得する,拡大する,活用する,打ち出す,1,市場シェアを獲得する = giành được thị phần,しんしょうひんのとうにゅうでしじょうシェアをかくとくする。,"Nhờ tung sản phẩm mới, công ty đã giành được thị phần."
506,コロケーション,事業戦略・成長,Reading,Section1,競合他社からシェアを（　　　）ことに成功した。,拡大する,促進する,獲得する,活用する,3,シェアを獲得する = giành thị phần,きょうごうたしゃからシェアをかくとくすることにせいこうした。,Đã thành công trong việc giành thị phần từ đối thủ cạnh tranh.
507,コロケーション,事業戦略・成長,Reading,Section1,安定した利益を（　　　）ことが重要だ。,確保する,拡大する,策定する,展開する,1,利益を確保する = đảm bảo lợi nhuận,あんていしたりえきをかくほすることがじゅうようだ。,Điều quan trọng là đảm bảo lợi nhuận ổn định.
508,コロケーション,事業戦略・成長,Reading,Section1,新規事業によって利益を（　　　）。,伸ばす,活用する,開拓する,打ち出す,1,利益を伸ばす = gia tăng lợi nhuận.,しんきじぎょうによってりえきをのばす。,Gia tăng lợi nhuận nhờ dự án kinh doanh mới.
509,コロケーション,事業戦略・成長,Reading,Section1,海外展開によって売上を（　　　）。,伸ばす,確保する,活用する,撤退する,1,売上を伸ばす = tăng doanh thu,かいがいてんかいによってうりあげをのばす。,Tăng doanh thu nhờ mở rộng ra thị trường nước ngoài.
510,コロケーション,事業戦略・成長,Reading,Section1,業務改善により業績を（　　　）。,活用する,獲得する,向上させる,打ち出す,3,業績を向上させる = cải thiện kết quả kinh doanh,ぎょうむかいぜんによりぎょうせきをこうじょうさせる。,Cải thiện kết quả kinh doanh thông qua cải tiến nghiệp vụ.
511,コロケーション,事業戦略・成長,Reading,Section1,組織改革によって経営体制を（　　　）。,改善する,確保する,展開する,開拓する,1,経営体制を改善する = cải thiện hệ thống quản lý.,そしきかいかくによってけいえいたいせいをかいぜんする。,Cải thiện hệ thống quản lý thông qua cải cách tổ chức.
512,コロケーション,事業戦略・成長,Reading,Section1,社内の経営資源を（　　　）ことが求められる。,拡大する,活用する,撤退する,打ち出す,2,経営資源を活用する = tận dụng nguồn lực,しゃないのけいえいしげんをかつようすることがもとめられる。,Cần tận dụng các nguồn lực quản lý trong công ty.
513,コロケーション,事業戦略・成長,Reading,Section1,利益率向上のためコストを（　　　）。,削減する,獲得する,展開する,策定する,1,コストを削減する = cắt giảm chi phí,りえきりつこうじょうのためコストをさくげんする。,Cắt giảm chi phí để nâng cao tỷ suất lợi nhuận.
514,コロケーション,事業戦略・成長,Reading,Section1,商品の付加価値を（　　　）ことで差別化を図る。,高める,拡大する,活用する,撤退する,1,付加価値を高める = nâng cao giá trị gia tăng,しょうひんのふかかちをたかめることでさべつかをはかる。,Nâng cao giá trị gia tăng của sản phẩm để tạo sự khác biệt.
515,コロケーション,事業戦略・成長,Reading,Section1,今後の成長戦略を（　　　）必要がある。,打ち出す,策定する,開拓する,促進する,2,成長戦略を策定する = xây dựng chiến lược tăng trưởng,こんごのせいちょうせんりゃくをさくていするひつようがある。,Cần xây dựng chiến lược tăng trưởng cho tương lai.
516,コロケーション,事業戦略・成長,Reading,Section1,新社長が新たな経営方針を（　　　）。,打ち出す,獲得する,活用する,確保する,1,経営方針を打ち出す = đưa ra phương châm quản lý,しんしゃちょうがあらたなけいえいほうしんをうちだす。,Tân giám đốc đưa ra phương châm quản lý mới.
517,コロケーション,事業戦略・成長,Reading,Section1,来年度の中長期計画を（　　　）。,展開する,開拓する,策定する,撤退する,3,中長期計画を策定する = xây dựng kế hoạch trung dài hạn,らいねんどのちゅうちょうきけいかくをさくていする。,Xây dựng kế hoạch trung và dài hạn cho năm tới.
518,コロケーション,敬語・メール,Reading,Section1,詳細が分かり次第、改めて（　　　）。,ご連絡申し上げる,ご確認いただく,ご対応いただく,ご理解を賜る,1,改めてご連絡申し上げる = sẽ liên hệ lại,しょうさいがわかりしだい、あらためてごれんらくもうしあげる。,"Ngay khi có thông tin chi tiết, chúng tôi sẽ liên hệ lại."
519,コロケーション,敬語・メール,Reading,Section1,添付資料を（　　　）ください。,ご対応,ご確認,ご検討,ご承認,2,ご確認ください = vui lòng xác nhận,てんぷしりょうをごかくにんください。,Vui lòng xác nhận tài liệu đính kèm.
520,コロケーション,敬語・メール,Reading,Section1,不具合が発生しておりますので、ご（　　　）のほどお願いいたします。,対応,確認,理解,検討,1,ご対応のほどお願いいたします = kính mong quý vị xử lý,ふぐあいがはっせいしておりますので、ごたいおうのほどおねがいいたします。,"Hiện đang phát sinh lỗi, kính mong quý vị hỗ trợ xử lý."
521,コロケーション,敬語・メール,Reading,Section1,ご都合のよろしい際にご（　　　）いただけますと幸いです。,ご連絡,ご確認,ご検討,ご対応,3,ご検討いただけますと幸いです = mong xem xét,ごつごうのよろしいさいにごけんとういただけますとさいわいです。,Chúng tôi rất mong nhận được sự xem xét của quý vị khi thuận tiện.
522,コロケーション,敬語・メール,Reading,Section1,関連資料を（　　　）のでご確認ください。,転送する,添付する,共有する,連絡する,2,資料を添付する = đính kèm tài liệu,かんれんしりょうをてんぷするのでごかくにんください。,"Chúng tôi đính kèm tài liệu liên quan, mong quý vị xác nhận."
523,コロケーション,敬語・メール,Reading,Section1,担当者からのメールを（　　　）いたします。,添付,共有,転送,検討,3,メールを転送する = chuyển tiếp email,たんとうしゃからのメールをてんそういたします。,Tôi xin chuyển tiếp email từ người phụ trách.
524,コロケーション,敬語・メール,Reading,Section1,会議の内容を社内で（　　　）。,共有する,添付する,確認する,転送する,1,内容を共有する = chia sẻ nội dung,かいぎのないようをしゃないできょうゆうする。,Chia sẻ nội dung cuộc họp trong công ty.
525,コロケーション,敬語・メール,Reading,Section1,送信前に念のため（　　　）ください。,ご理解,確認して,ご連絡,ご検討,2,確認してください = vui lòng kiểm tra,そうしんまえにねんのためかくにんしてください。,"Trước khi gửi, vui lòng kiểm tra lại để chắc chắn."
526,コロケーション,敬語・メール,Reading,Section1,詳細が判明しましたら改めて（　　　）いたします。,ご確認,ご対応,ご連絡,ご理解,3,改めてご連絡いたします = sẽ liên hệ lại,しょうさいがはんめいしましたらあらためてごれんらくいたします。,"Khi có thông tin chi tiết, tôi sẽ liên hệ lại."
527,コロケーション,敬語・メール,Reading,Section1,少々お（　　　）ことになりますが、よろしくお願いいたします。,時間をいただく,手数をおかけする,確認いただく,了承いただく,2,"お手数をおかけする = làm phiền, gây tốn công",しょうしょうおてすうをおかけすることになりますが、よろしくおねがいいたします。,Xin lỗi vì sẽ làm phiền quý vị một chút.
528,コロケーション,敬語・メール,Reading,Section1,ご不便をおかけし、お（　　　）申し訳ございません。,ご理解を賜り,お時間をいただき,お手数をおかけし,ご確認いただき,3,お手数をおかけし申し訳ございません,ごふべんをおかけし、おてすうをおかけしもうしわけございません。,Rất xin lỗi vì đã gây bất tiện và làm mất công quý vị.
529,コロケーション,敬語・メール,Reading,Section1,現在確認中のため、返信が（　　　）おります。,遅れて,添付して,転送して,共有して,1,返信が遅れております = phản hồi bị chậm,げんざいかくにんちゅうのため、へんしんがおくれております。,Hiện đang trong quá trình xác nhận nên việc phản hồi bị chậm.
530,コロケーション,敬語・メール,Reading,Section1,事情をご説明のうえ、ご（　　　）たく存じます。,承り,理解を賜り,検討いただき,対応いただき,2,ご理解を賜りたく存じます = kính mong nhận được sự thông cảm,じじょうをごせつめいのうえ、ごりかいをたまわりたくぞんじます。,Kính mong quý vị thông cảm sau khi nghe giải thích.
531,コロケーション,敬語・メール,Reading,Section1,日程変更につきましてご（　　　）いただけますでしょうか。,確認,理解,了承,添付,3,ご了承いただけますでしょうか = mong quý vị chấp thuận,にっていへんこうにつきましてごりょうしょういただけますでしょうか。,Mong quý vị thông cảm và chấp thuận việc thay đổi lịch trình.
532,コロケーション,敬語・メール,Reading,Section1,進捗があり次第、改めて（　　　）いたします。,ご連絡,ご確認,ご対応,ご了承,1,改めてご連絡いたします,しんちょくがありしだい、あらためてごれんらくいたします。,"Khi có tiến triển, tôi sẽ liên hệ lại."
533,コロケーション,敬語・メール,Reading,Section1,内容に問題がないかご（　　　）ください。,対応,確認,理解,転送,2,ご確認ください = vui lòng xác nhận,ないようにもんだいがないかごかくにんください。,Vui lòng xác nhận xem nội dung có vấn đề gì không.
534,コロケーション,敬語・メール,Reading,Section1,ご多忙中とは存じますが、ご（　　　）のほどお願いいたします。,理解,検討,添付,転送,2,ご検討のほどお願いいたします = kính mong xem xét,ごたぼうちゅうとはぞんじますが、ごけんとうのほどおねがいいたします。,"Dù quý vị đang bận, kính mong xem xét."
535,コロケーション,敬語・メール,Reading,Section1,参考までに関連メールを（　　　）いたします。,添付,転送,共有,連絡,2,メールを転送いたします,さんこうまでにかんれんメールをてんそういたします。,Xin chuyển tiếp email liên quan để tham khảo.
536,コロケーション,敬語・メール,Reading,Section1,社内関係者にも内容を（　　　）予定です。,添付する,転送する,共有する,確認する,3,内容を共有する = chia sẻ nội dung,しゃないかんけいしゃにもないようをきょうゆうするよていです。,Chúng tôi dự định sẽ chia sẻ nội dung này với những người liên quan trong công ty.
537,コロケーション,敬語・メール,Reading,Section1,ご迷惑をおかけしますが、何卒ご（　　　）ください。,対応,理解,転送,添付,2,何卒ご理解ください = mong thông cảm,ごめいわくをおかけしますが、なにとぞごりかいください。,Rất mong quý vị thông cảm dù việc này có thể gây phiền hà.
538,コロケーション,敬語・メール,Reading,Section1,ご確認後、ご（　　　）いただけますと幸いです。,ご返信,ご準備,ご承認,ご査収,1,ご返信いただけますと幸いです = mong nhận được phản hồi,ごかくにんご、ごへんしんいただけますとさいわいです。,"Sau khi xác nhận, chúng tôi rất mong nhận được phản hồi của quý vị."
539,コロケーション,敬語・メール,Reading,Section1,本件につきましてご（　　　）をお願いいたします。,ご回答,ご協力,ご連絡,ご返信,2,ご協力をお願いいたします = mong hợp tác,ほんけんにつきましてごきょうりょくをおねがいいたします。,Mong quý vị hợp tác trong vấn đề này.
540,コロケーション,敬語・メール,Reading,Section1,会議資料を事前に（　　　）ください。,ご回答,ご承認,ご一読,ご連絡,3,ご一読ください = vui lòng đọc qua một lượt,かいぎしりょうをじぜんにごいちどくください。,Vui lòng đọc trước tài liệu họp.
541,コロケーション,敬語・メール,Reading,Section1,ご不明な点がございましたら、ご（　　　）ください。,ご回答,ご承認,ご返信,ご連絡,4,ご連絡ください = vui lòng liên hệ,ごふめいなてんがございましたら、ごれんらくください。,"Nếu có điểm nào chưa rõ, vui lòng liên hệ."
542,コロケーション,敬語・メール,Reading,Section1,アンケートについてご（　　　）いただけますでしょうか。,ご回答,ご協力,ご連絡,ご査収,2,ご協力いただけますでしょうか = mong quý vị hợp tác,アンケートについてごきょうりょくいただけますでしょうか。,Mong quý vị hợp tác trả lời khảo sát.
543,コロケーション,敬語・メール,Reading,Section1,申請内容をご確認のうえ、ご（　　　）ください。,ご返信,ご承認,ご準備,ご連絡,2,ご承認ください = vui lòng phê duyệt,しんせいないようをごかくにんのうえ、ごしょうにんください。,"Sau khi xác nhận nội dung đơn đăng ký, vui lòng phê duyệt."
544,コロケーション,敬語・メール,Reading,Section1,添付資料を（　　　）ください。,ご確認,ご回答,ご連絡,ご協力,1,ご確認ください = vui lòng xác nhận tài liệu đính kèm,てんぷしりょうをごかくにんください。,Vui lòng xác nhận tài liệu đính kèm.
545,コロケーション,敬語・メール,Reading,Section1,詳細につきましては、まず（　　　）ください。,ご承認,ご返信,ご一読,ご査収,3,ご一読ください = vui lòng đọc qua,しょうさいにつきましては、まずごいちどくください。,"Trước tiên, vui lòng đọc qua tài liệu chi tiết."
546,コロケーション,敬語・メール,Reading,Section1,添付資料につきまして、ご（　　　）。,ご対応のほどお願いいたします,ご検討のほどお願いいたします,ご確認のほどお願いいたします,ご教示ください,3,ご確認のほどお願いいたします,てんぷしりょうにつきまして、ごかくにんのほどおねがいいたします。,"Đối với tài liệu đính kèm, mong quý vị xác nhận giúp."
547,コロケーション,敬語・メール,Reading,Section1,不具合が発生しておりますので、ご（　　　）。,ご確認のほどお願いいたします,ご対応のほどお願いいたします,ご検討のほどお願いいたします,ご教示ください,2,ご対応のほどお願いいたします,ふぐあいがはっせいしておりますので、ごたいおうのほどおねがいいたします。,"Do đang phát sinh lỗi, mong quý vị hỗ trợ xử lý."
548,コロケーション,敬語・メール,Reading,Section1,ご提案内容につきまして、ご（　　　）。,ご検討のほどお願いいたします,ご対応のほどお願いいたします,ご確認のほどお願いいたします,ご教示ください,1,ご検討のほどお願いいたします,ごていあんないようにつきまして、ごけんとうのほどおねがいいたします。,"Đối với nội dung đề xuất, mong quý vị xem xét."
549,コロケーション,敬語・メール,Reading,Section1,操作方法について（　　　）。,ご査収ください,ご教示ください,ご承認ください,ご一読ください,2,ご教示ください = xin chỉ dẫn,そうさほうほうについてごきょうじください。,Xin vui lòng chỉ dẫn về cách thao tác.
550,コロケーション,敬語・メール,Reading,Section1,詳細が分かり次第、改めて（　　　）。,ご報告申し上げます,ご連絡申し上げます,確認いたしました,承知いたしました,1,ご報告申し上げます = xin báo cáo lại,しょうさいがわかりしだい、あらためてごほうこくもうしあげます。,"Khi có thông tin chi tiết, tôi sẽ báo cáo lại."
551,コロケーション,敬語・メール,Reading,Section1,プロジェクトの進捗につきましてご（　　　）。,ご報告申し上げます,ご確認ください,ご教示ください,ご承認ください,1,ご報告申し上げます = xin báo cáo,プロジェクトのしんちょくにつきましてごほうこくもうしあげます。,Xin báo cáo về tiến độ của dự án.
552,コロケーション,敬語・メール,Reading,Section1,ご説明いただいた内容、（　　　）。,確認いたしました,対応いたします,承知いたしました,検討いたします,3,承知いたしました = đã hiểu và tiếp nhận,ごせつめいいただいたないよう、しょうちいたしました。,Tôi đã tiếp nhận và hiểu nội dung quý vị giải thích.
553,コロケーション,敬語・メール,Reading,Section1,ご依頼の件、（　　　）。,かしこまりました,確認いたしました,検討いたします,ご報告申し上げます,1,かしこまりました = đã tiếp nhận yêu cầu,ごいらいのけん、かしこまりました。,Tôi đã tiếp nhận yêu cầu của quý vị.
554,コロケーション,敬語・メール,Reading,Section1,お送りいただいた資料を（　　　）。,対応いたします,確認いたしました,承知いたしました,検討いたします,2,確認いたしました = tôi đã xác nhận tài liệu,おおくりいただいたしりょうをかくにんいたしました。,Tôi đã xác nhận tài liệu quý vị gửi.
555,コロケーション,敬語・メール,Reading,Section1,ご提案内容について社内で（　　　）。,承知いたしました,対応いたします,検討いたします,確認いたしました,3,検討いたします = sẽ xem xét,ごていあんないようについてしゃないでけんとういたします。,Chúng tôi sẽ xem xét nội dung đề xuất trong nội bộ công ty.
556,コロケーション,敬語・メール,Reading,Section1,ご指摘いただいた件につきまして早急に（　　　）。,対応いたします,検討いたします,承知いたしました,確認いたしました,1,対応いたします = sẽ xử lý,ごしてきいただいたけんにつきましてそうきゅうにたいおういたします。,Chúng tôi sẽ xử lý sớm vấn đề mà quý vị đã chỉ ra.
557,コロケーション,敬語・メール,Reading,Section1,詳細は後ほどご説明いたします。取り急ぎ（　　　）。,ご報告申し上げます,ご連絡まで,ご査収ください,ご教示ください,2,取り急ぎご連絡まで = trước mắt xin báo tin nhanh,しょうさいはのちほどごせつめいいたします。とりいそぎごれんらくまで。,"Chi tiết sẽ giải thích sau, trước mắt xin báo tin nhanh."
558,慣用句,意思決定・経営判断,Reading,Section1,赤字が続いており、この事業から撤退することは（　　　）と判断された。,業績が伸び悩む,立て直しを図る,不可避だ,リスクを回避する,3,不可避だ＝không thể tránh khỏi,あかじがつづいておりこのじぎょうからてったいすることはふかひだとはんだんされた。,Do thua lỗ kéo dài nên việc rút khỏi lĩnh vực này được đánh giá là không thể tránh khỏi。
559,慣用句,意思決定・経営判断,Reading,Section1,採算が取れないため、経営陣は事業からの（　　　）。,方針を固めた,撤退を決断した,判断を下した,舵を切った,2,撤退を決断する＝quyết định rút lui,さいさんがとれないためけいえいじんはじぎょうからのてったいをけつだんした。,Do không có lãi nên ban lãnh đạo đã quyết định rút khỏi lĩnh vực kinh doanh đó。
560,慣用句,意思決定・経営判断,Reading,Section1,売上低迷を受けて、会社は新たな方向へ（　　　）ことになった。,立て直しを図る,判断を下す,舵を切る,採算が合わない,3,"舵を切る＝chuyển hướng, đổi hướng đi",うりあげていめいをうけてかいしゃはあらたなほうこうへかじをきることになった。,"Trước tình trạng doanh thu trì trệ, công ty đã quyết định chuyển sang hướng đi mới。"
561,慣用句,意思決定・経営判断,Reading,Section1,経営危機を乗り越えるため、抜本的な改革によって会社の（　　　）必要がある。,業績が伸び悩む,立て直しを図る,撤退を決断する,不可避だ,2,立て直しを図る＝tìm cách vực dậy,けいえいききをのりこえるためばっぽんてきなかいかくによってかいしゃのたてなおしをはかるひつようがある。,Để vượt qua khủng hoảng kinh doanh cần tiến hành cải cách căn bản nhằm vực dậy công ty。
562,慣用句,意思決定・経営判断,Reading,Section1,複数の案を比較した結果、社長が最終的に（　　　）。,舵を切った,採算が合わない,判断を下した,不可避だ,3,判断を下す＝đưa ra quyết định,ふくすうのあんをひかくしたけっかしゃちょうがさいしゅうてきにはんだんをくだした。,"Sau khi so sánh nhiều phương án, giám đốc đã đưa ra quyết định cuối cùng。"
563,慣用句,意思決定・経営判断,Reading,Section1,今後の事業展開について、会社としての（　　　）ことが求められる。,方針を固める,業績が伸び悩む,立て直しを図る,不可避だ,1,方針を固める＝thống nhất phương châm,こんごのじぎょうてんかいについてかいしゃとしてのほうしんをかためることがもとめられる。,"Đối với định hướng kinh doanh trong tương lai, công ty cần thống nhất phương châm hành động."
564,慣用句,意思決定・経営判断,Reading,Section1,利益率が低く、この事業はどう考えても（　　　）。,判断を下す,採算が合わない,舵を切る,方針を固める,2,採算が合わない＝không có lãi,りえきりつがひくくこのじぎょうはどうかんがえてもさいさんがあわない。,Xét thế nào thì lĩnh vực kinh doanh này cũng không có lãi.
565,慣用句,意思決定・経営判断,Reading,Section1,市場環境の変化に対応するため、経営戦略の見直しに（　　　）。,判断を下した,舵を切った,立て直しを図った,方針を固めた,2,舵を切る＝chuyển hướng,しじょうかんきょうのへんかにたいおうするためけいえいせんりゃくのみなおしにかじをきった。,"Để thích ứng với sự thay đổi của thị trường, công ty đã chuyển hướng chiến lược kinh doanh."
566,慣用句,意思決定・経営判断,Reading,Section1,資金繰りが悪化しており、抜本的な対策が（　　　）。,採算が合わない,業績が伸び悩む,不可避だ,判断を下す,3,不可避だ＝không thể tránh khỏi,しきんぐりがあっかしておりばっぽんてきなたいさくがふかひだ。,Tình hình tài chính đang xấu đi nên các biện pháp căn bản là điều không thể tránh khỏi.
567,慣用句,意思決定・経営判断,Reading,Section1,経営会議の結果、新規事業への投資を続けるとの（　　　）。,採算が合わない,方針を固めた,業績が伸び悩んだ,立て直しを図った,2,方針を固める＝thống nhất phương châm,けいえいかいぎのけっかしんきじぎょうへのとうしをつづけるとのほうしんをかためた。,"Sau cuộc họp ban lãnh đạo, công ty đã thống nhất tiếp tục đầu tư vào lĩnh vực kinh doanh mới。"
568,慣用句,意思決定・経営判断,Reading,Section1,新市場への進出に向けて、会社は新たな経営方針を（　　　）。,方針を固めた,方針を打ち出した,決定を先送りした,採算が合わない,2,方針を打ち出す＝đưa ra phương châm/chính sách,しんしじょうへのしんしゅつにむけてかいしゃはあらたなけいえいほうしんをうちだした。,"Hướng tới việc thâm nhập thị trường mới, công ty đã đưa ra chính sách kinh doanh mới。"
569,慣用句,意思決定・経営判断,Reading,Section1,経営環境が急速に変化する中、経営者には苦しい（　　　）場面も多い。,英断を下す,苦渋の決断をする,方針転換を図る,判断を下す,2,"苦渋の決断をする＝đưa ra quyết định đau đớn, khó khăn",けいえいかんきょうがきゅうそくにへんかするなかけいえいしゃにはくじゅうのけつだんをするばめんもおおい。,"Trong bối cảnh môi trường kinh doanh thay đổi nhanh chóng, nhà quản lý thường phải đưa ra những quyết định đầy khó khăn."
570,慣用句,意思決定・経営判断,Reading,Section1,十分な情報を集めた上で、最終的な（　　　）ことが重要だ。,英断を下す,撤退を決断する,判断を下す,決定を先送りする,3,"判断を下す＝đưa ra phán đoán, quyết định",じゅうぶんなじょうほうをあつめたうえでさいしゅうてきなはんだんをくだすことがじゅうようだ。,"Sau khi thu thập đầy đủ thông tin, việc đưa ra quyết định cuối cùng là rất quan trọng。"
571,慣用句,意思決定・経営判断,Reading,Section1,来年度の事業計画については、今月中に（　　　）必要がある。,方針を固める,英断を下す,経営判断を迫られる,方針転換を図る,1,"方針を固める＝chốt phương châm, định hướng",らいねんどのじぎょうけいかくについてはいまげつちゅうにほうしんをかためるひつようがある。,Cần chốt định hướng cho kế hoạch kinh doanh năm tới trong tháng này。
572,慣用句,意思決定・経営判断,Reading,Section1,市場の変化に対応するため、会社は事業戦略の（　　　）。,方向転換を図った,判断を下した,決定を先送りした,採算が合わない,1,方向転換を図る＝tìm cách đổi hướng,しじょうのへんかにたいおうするためかいしゃはじぎょうせんりゃくのほうこうてんかんをはかった。,"Để thích ứng với sự thay đổi của thị trường, công ty đã tìm cách thay đổi hướng chiến lược."
573,慣用句,意思決定・経営判断,Reading,Section1,業績不振が続く中、大胆な（　　　）ことも必要だとの意見が出た。,方針を固める,英断を下す,決定を先送りする,採算が合わない,2,英断を下す＝đưa ra quyết định táo bạo,ぎょうせきふしんがつづくなかだいたんなえいだんをくだすこともひつようだとのいけんがでた。,"Giữa lúc thành tích kinh doanh sa sút kéo dài, đã có ý kiến cho rằng cần đưa ra những quyết định táo bạo."
574,慣用句,意思決定・経営判断,Reading,Section1,売却するか継続するかについて、経営陣は難しい（　　　）。,方向転換を図った,経営判断を迫られた,方針を打ち出した,決定を先送りした,2,経営判断を迫られる＝bị buộc phải đưa ra quyết định quản trị,ばいきゃくするかけいぞくするかについてけいえいじんはむずかしいけいえいはんだんをせまられた。,"Về việc bán hay tiếp tục hoạt động, ban lãnh đạo bị buộc phải đưa ra quyết định khó khăn."
575,慣用句,意思決定・経営判断,Reading,Section1,重要な案件にもかかわらず、結論を出さずに（　　　）のは問題だ。,判断を下す,英断を下す,決定を先送りする,方針を固める,3,決定を先送りする＝trì hoãn quyết định,じゅうようなあんけんにもかかわらずけつろんをださずにけっていをさきおくりするのはもんだいだ。,Mặc dù là vấn đề quan trọng nhưng việc không đưa ra kết luận và trì hoãn quyết định là một vấn đề.
576,慣用句,意思決定・経営判断,Reading,Section1,経営環境の変化を受けて、会社は大幅な（　　　）ことになった。,方針転換を図る,方向転換を図る,英断を下す,採算が合わない,1,方針転換を図る＝tìm cách chuyển đổi phương châm chiến lược,けいえいかんきょうのへんかをうけてかいしゃはおおはばなほうしんてんかんをはかることになった。,"Do sự thay đổi của môi trường kinh doanh, công ty quyết định chuyển đổi mạnh mẽ phương châm chiến lược."
577,慣用句,意思決定・経営判断,Reading,Section1,市場規模が縮小しており、このままでは事業として（　　　）。,方針を打ち出す,採算が合わない,英断を下す,方向転換を図る,2,採算が合わない＝không có lãi,しじょうきぼがしゅくしょうしておりこのままではじぎょうとしてさいさんがあわない。,"Quy mô thị trường đang thu hẹp, nếu tiếp tục như hiện tại thì hoạt động kinh doanh sẽ không có lãi。"
578,慣用句,意思決定・経営判断,Reading,Section1,経営効率を高めるため、会社は（　　　）戦略を進めている。,選択と集中を進める,赤字を抱える,損切りをする,再建を図る,1,選択と集中を進める＝thực hiện chiến lược chọn lọc và tập trung nguồn lực,けいえいこうりつをたかめるためかいしゃはせんたくとしゅうちゅうをすすめるせんりゃくをすすめている。,"Để nâng cao hiệu quả quản lý, công ty đang thực hiện chiến lược chọn lọc và tập trung nguồn lực。"
579,慣用句,意思決定・経営判断,Reading,Section1,これ以上損失が拡大する前に、思い切って（　　　）べきだ。,事業を立て直す,損切りをする,黒字に転じる,先手を打つ,2,損切りをする＝cắt lỗ,これいじょうそんしつがかくだいするまえにおもいきってそんぎりをするべきだ。,"Trước khi tổn thất tiếp tục gia tăng, nên mạnh dạn cắt lỗ."
580,慣用句,意思決定・経営判断,Reading,Section1,市場の急激な縮小により、事業からの（　　　）状況となった。,再建を図る,黒字に転じる,撤退を余儀なくされる,経営資源を集中する,3,撤退を余儀なくされる＝bị buộc phải rút lui,しじょうのきゅうげきなしゅくしょうによりじぎょうからのてったいをよぎなくされるじょうきょうとなった。,Do thị trường thu hẹp nhanh chóng nên công ty bị buộc phải rút lui khỏi lĩnh vực kinh doanh này。
581,慣用句,意思決定・経営判断,Reading,Section1,業績回復のためには、まず事業の（　　　）ことが重要だ。,赤字を抱える,事業を立て直す,損切りをする,市場から撤退する,2,"事業を立て直す＝khôi phục, tái cơ cấu hoạt động kinh doanh",ぎょうせきかいふくのためにはまずじぎょうをたてなおすことがじゅうようだ。,"Để phục hồi thành tích kinh doanh, trước hết cần tái cơ cấu hoạt động kinh doanh."
582,慣用句,意思決定・経営判断,Reading,Section1,経営危機を乗り越えるため、会社は本格的な（　　　）ことになった。,選択と集中を進める,再建を図る,損切りをする,先手を打つ,2,再建を図る＝tìm cách phục hồi doanh nghiệp,けいえいききをのりこえるためかいしゃはほんかくてきなさいけんをはかることになった。,"Để vượt qua khủng hoảng, công ty quyết định tiến hành tái thiết toàn diện."
583,慣用句,意思決定・経営判断,Reading,Section1,限られた予算の中で、重要事業に（　　　）必要がある。,赤字を抱える,経営資源を集中する,市場から撤退する,損切りをする,2,経営資源を集中する＝tập trung nguồn lực quản lý,かぎられたよさんのなかでじゅうようじぎょうにけいえいしげんをしゅうちゅうするひつようがある。,"Trong ngân sách hạn chế, cần tập trung nguồn lực vào các lĩnh vực quan trọng."
584,慣用句,意思決定・経営判断,Reading,Section1,収益改善のため、不採算部門を（　　　）方針だ。,不採算部門を整理する,黒字に転じる,再建を図る,先手を打つ,1,不採算部門を整理する＝cơ cấu lại bộ phận thua lỗ,しゅうえきかいぜんのためふさいさんぶもんをせいりするほうしんだ。,"Để cải thiện lợi nhuận, công ty có chủ trương cơ cấu lại các bộ phận thua lỗ."
585,慣用句,意思決定・経営判断,Reading,Section1,長年の赤字経営から脱却し、今年ついに（　　　）見込みだ。,赤字を抱える,市場から撤退する,黒字に転じる,損切りをする,3,黒字に転じる＝chuyển từ lỗ sang lãi,ながねんのあかじけいえいからだっきゃくしことしついにくろじにてんじるみこみだ。,"Sau nhiều năm thua lỗ, năm nay công ty được kỳ vọng sẽ chuyển sang có lãi."
586,慣用句,意思決定・経営判断,Reading,Section1,海外事業の失敗により、多額の（　　　）。,先手を打つ,再建を図る,赤字を抱える,経営資源を集中する,3,"赤字を抱える＝gánh khoản thâm hụt, thua lỗ",かいがいじぎょうのしっぱいによりたがくのあかじをかかえている。,"Do thất bại trong hoạt động kinh doanh ở nước ngoài, công ty đang gánh khoản lỗ lớn."
587,慣用句,意思決定・経営判断,Reading,Section1,競合他社に先んじるためには、常に（　　　）ことが重要だ。,損切りをする,先手を打つ,市場から撤退する,赤字を抱える,2,"先手を打つ＝ra tay trước, hành động trước đối thủ",きょうごうたしゃにさきんじるためにはつねにせんてをうつことがじゅうようだ。,"Để đi trước đối thủ cạnh tranh, việc chủ động hành động trước luôn rất quan trọng。"
588,慣用句,意思決定・経営判断,Reading,Section1,問題の深刻化を防ぐため、早急に（　　　）必要がある。,黒字に転じる,手を打つ,市場から撤退する,赤字を抱える,2,手を打つ＝đưa ra biện pháp đối phó,もんだいのしんこくかをふせぐためそうきゅうにてをうつひつようがある。,"Để ngăn vấn đề trở nên nghiêm trọng hơn, cần nhanh chóng đưa ra biện pháp xử lý."
589,慣用句,意思決定・経営判断,Reading,Section1,短期的な利益だけでなく、将来を（　　　）経営が求められる。,市場から撤退する,見据える,損切りをする,再建を図る,2,"将来を見据える＝nhìn về tương lai, có tầm nhìn dài hạn",たんきてきなりえきだけでなくしょうらいをみすえるけいえいがもとめられる。,Không chỉ lợi nhuận ngắn hạn mà còn cần cách quản lý có tầm nhìn dài hạn.
590,慣用句,意思決定・経営判断,Reading,Section1,需要の減少を受けて、会社は事業を（　　　）ことを決定した。,事業を縮小する,経営資源を集中する,再建を図る,黒字に転じる,1,事業を縮小する＝thu hẹp hoạt động kinh doanh,じゅようのげんしょうをうけてかいしゃはじぎょうをしゅくしょうすることをけっていした。,"Do nhu cầu suy giảm, công ty đã quyết định thu hẹp hoạt động kinh doanh."
591,慣用句,意思決定・経営判断,Reading,Section1,競争力の低下により、その市場から（　　　）ことになった。,再建を図る,市場から撤退する,手を打つ,損切りをする,2,市場から撤退する＝rút khỏi thị trường,きょうそうりょくのていかによりそのしじょうからてったいすることになった。,"Do suy giảm năng lực cạnh tranh, công ty đã quyết định rút khỏi thị trường đó。"
592,慣用句,意思決定・経営判断,Reading,Section1,経営改革の一環として、新たな方針を（　　　）。,方針を打ち出した,赤字を抱えた,市場から撤退した,損切りをした,1,"方針を打ち出す＝đưa ra chính sách, phương châm mới",けいえいかいかくのいっかんとしてあらたなほうしんをうちだした。,"Là một phần của cải cách quản lý, công ty đã đưa ra chính sách mới。"
593,慣用句,意思決定・経営判断,Reading,Section1,経営再建に向けて、社長は（　　　）覚悟を示した。,リスクを回避する,コスト削減に踏み切る,市場から撤退する,赤字を抱える,2,コスト削減に踏み切る＝quyết định cắt giảm chi phí,けいえいさいけんにむけてしゃちょうはこすとさくげんにふみきるかくごをしめした。,"Hướng tới tái thiết doanh nghiệp, giám đốc đã thể hiện quyết tâm cắt giảm chi phí."
594,慣用句,意思決定・経営判断,Reading,Section1,新規事業への投資では、まず十分に（　　　）ことが重要だ。,再建を図る,リスクを回避する,市場から撤退する,赤字を抱える,2,リスクを回避する＝tránh rủi ro,しんきじぎょうへのとうしではまずじゅうぶんにりすくをかいひすることがじゅうようだ。,"Trong đầu tư vào lĩnh vực mới, điều quan trọng trước tiên là tránh rủi ro một cách đầy đủ."
595,慣用句,意思決定・経営判断,Reading,Section1,経営再建に向けて、全社一丸となって（　　　）。,立て直しに乗り出す,赤字を抱える,市場から撤退する,損切りをする,1,立て直しに乗り出す＝bắt tay vào công cuộc tái thiết,けいえいさいけんにむけてぜんしゃいちがんとなってたてなおしにのりだした。,"Hướng tới tái thiết doanh nghiệp, toàn công ty đã đồng lòng bắt tay vào công cuộc tái thiết。"
596,慣用句,会議・交渉,Reading,Section1,最終契約に向けて、細かい条件まで（　　　）必要がある。,話をつめる,話が流れる,持ち帰って検討する,根回しをする,1,話をつめる＝chốt chi tiết,さいしゅうけいやくにむけてこまかいじょうけんまでをはなしをつめるひつようがある。,"Để tiến tới ký hợp đồng cuối cùng, cần chốt cả những điều kiện chi tiết."
597,慣用句,会議・交渉,Reading,Section1,新しい取引について先方に（　　　）ことにした。,合意に達する,話を持ちかける,腹を割って話す,認識をすり合わせる,2,話を持ちかける＝đưa lời đề nghị,あたらしいとりひきについてせんぽうにはなしをもちかけることにした。,Chúng tôi quyết định đề xuất với đối tác về giao dịch mới.
598,慣用句,会議・交渉,Reading,Section1,交渉は（　　　）、結果が大きく変わることもある。,意見が食い違う,話の持っていき方次第で,話がまとまる,妥協点を探る,2,話の持っていき方次第で＝tùy cách dẫn dắt câu chuyện,こうしょうははなしのもっていきかたしだいでけっかがおおきくかわることもある。,Kết quả đàm phán có thể thay đổi lớn tùy vào cách dẫn dắt câu chuyện.
599,慣用句,会議・交渉,Reading,Section1,双方が譲歩した結果、何とか（　　　）ことができた。,認識をすり合わせる,意見が食い違う,折り合いをつける,話が流れる,3,折り合いをつける＝đi đến thỏa hiệp,そうほうがじょうほしたけっかなんとかおりあいをつけることができた。,"Sau khi cả hai bên nhượng bộ, cuối cùng cũng đi đến được thỏa hiệp."
600,慣用句,会議・交渉,Reading,Section1,会議前に関係者へ（　　　）ことで話がスムーズに進んだ。,根回しをする,合意に達する,一歩踏み込む,持ち帰って検討する,1,根回しをする＝đi dọn đường trước,かいぎまえにかんけいしゃへねまわしをすることではなしがすむーずにすすんだ。,Nhờ trao đổi trước với các bên liên quan nên cuộc họp diễn ra suôn sẻ.
601,慣用句,会議・交渉,Reading,Section1,両者の（　　　）ため、結論を出すのに時間がかかった。,話がまとまる,意見が食い違う,認識をすり合わせる,合意に達する,2,意見が食い違う＝ý kiến trái ngược nhau,りょうしゃのいけんがくいちがうためけつろんをだすのにじかんがかかった。,Do hai bên có ý kiến trái ngược nhau nên mất nhiều thời gian để đi đến kết luận.
602,慣用句,会議・交渉,Reading,Section1,長時間の交渉の末、ようやく（　　　）。,話が流れた,合意に達した,持ち帰って検討した,根回しをした,2,合意に達する＝đạt được đồng thuận,ちょうじかんのこうしょうのすえようやくごういにたっした。,"Sau thời gian dài đàm phán, cuối cùng hai bên đã đạt được đồng thuận."
603,慣用句,会議・交渉,Reading,Section1,双方が納得できるような（　　　）必要がある。,妥協点を探る,話を持ちかける,話が流れる,一歩踏み込む,1,妥協点を探る＝tìm điểm thỏa hiệp,そうほうがなっとくできるようなだきょうてんをさぐるひつようがある。,Cần tìm ra điểm thỏa hiệp mà cả hai bên đều có thể chấp nhận.
604,慣用句,会議・交渉,Reading,Section1,条件面で譲歩した結果、最終的に（　　　）。,意見が食い違った,話がまとまった,持ち帰って検討した,話が流れた,2,話がまとまる＝câu chuyện được thống nhất,じょうけんめんでじょうほしたけっかさいしゅうてきにはなしがまとまった。,"Sau khi nhượng bộ về điều kiện, cuối cùng mọi việc đã được thống nhất."
605,慣用句,会議・交渉,Reading,Section1,契約締結前に、細かい（　　　）ことになった。,認識をすり合わせる,条件を詰める,話が流れる,合意に達する,2,条件を詰める＝chốt điều kiện,けいやくていけつまえにこまかいじょうけんをつめることになった。,"Trước khi ký hợp đồng, hai bên quyết định chốt các điều kiện chi tiết."
606,慣用句,会議・交渉,Reading,Section1,問題の本質を理解するためには、まず（　　　）べきだ。,腹を割って話す,話が流れる,持ち帰って検討する,意見が食い違う,1,腹を割って話す＝nói chuyện thẳng thắn,もんだいのほんしつをりかいするためにはまずはらをわってはなすべきだ。,"Để hiểu bản chất vấn đề, trước hết nên trao đổi một cách thẳng thắn."
607,慣用句,会議・交渉,Reading,Section1,競合他社との差別化について、さらに（　　　）議論が必要だ。,話をつめる,一歩踏み込む,根回しをする,合意に達する,2,一歩踏み込む＝tiến thêm một bước,きょうごうたしゃとの差別化についてさらにいっぽふみこむぎろんがひつようだ。,Cần thảo luận sâu hơn một bước về việc tạo sự khác biệt với đối thủ cạnh tranh.
608,慣用句,会議・交渉,Reading,Section1,会議の前に関係者間で（　　　）ことが重要だ。,認識をすり合わせる,話が流れる,意見が食い違う,折り合いをつける,1,認識をすり合わせる＝thống nhất nhận thức,かいぎのまえにかんけいしゃかんでにんしきをすりあわせることがじゅうようだ。,Việc thống nhất nhận thức giữa các bên liên quan trước cuộc họp là rất quan trọng.
609,慣用句,会議・交渉,Reading,Section1,予算面で折り合いがつかず、結局その案件は（　　　）。,話がまとまった,合意に達した,話が流れた,認識をすり合わせた,3,話が流れる＝thương vụ bị hủy,よさんめんでおりあいがつかずけっきょくそのあんけんははなしがながれた。,Do không đạt được thỏa thuận về ngân sách nên cuối cùng thương vụ đã bị hủy.
610,慣用句,会議・交渉,Reading,Section1,その提案については一度（　　　）上で回答いたします。,話を持ちかける,持ち帰って検討する,話をつめる,根回しをする,2,持ち帰って検討する＝mang về xem xét,そのていあんについてはいちどもちかえってけんとうするうえでかいとういたします。,"Về đề xuất đó, chúng tôi sẽ mang về xem xét rồi phản hồi sau."
611,慣用句,会議・交渉,Reading,Section1,次回の役員会では、この問題を正式に（　　　）予定だ。,議論を交わす,議題に上げる,結論に至る,意見をまとめる,2,議題に上げる＝đưa vào chương trình nghị sự,じかいのやくいんかいではこのもんだいをせいしきにぎだいにあげるよていだ。,"Trong cuộc họp ban giám đốc tới, vấn đề này sẽ được chính thức đưa vào chương trình nghị sự."
612,慣用句,会議・交渉,Reading,Section1,関係部署と十分に（　　　）ことで認識のずれを防いだ。,議論を交わす,結論を出す,異議を唱える,提案を見送る,1,"議論を交わす＝trao đổi, thảo luận ý kiến",かんけいぶしょとじゅうぶんにぎろんをかわすことでにんしきのずれをふせいだ。,Nhờ thảo luận đầy đủ với các bộ phận liên quan nên đã tránh được sự khác biệt trong nhận thức.
613,慣用句,会議・交渉,Reading,Section1,会議では遠慮せずに自分の（　　　）ことが大切だ。,提案を受け入れる,意見を述べる,合意を得る,結論に至る,2,意見を述べる＝nêu ý kiến,かいぎではえんりょせずにじぶんのいけんをのべることがたいせつだ。,"Trong cuộc họp, điều quan trọng là trình bày ý kiến của mình mà không ngần ngại."
614,慣用句,会議・交渉,Reading,Section1,業務改善について新しい（　　　）ところ、好意的な反応が得られた。,異議を唱えた,提案を持ちかけた,結論を出した,意見をまとめた,2,提案を持ちかける＝đưa ra đề nghị,ぎょうむかいぜんについてあたらしいていあんをもちかけたところこういてきなはんのうがえられた。,"Khi đưa ra đề xuất mới về cải tiến công việc, chúng tôi đã nhận được phản hồi tích cực."
615,慣用句,会議・交渉,Reading,Section1,検討の結果、取引先は当社の提案を（　　　）。,見送った,受け入れた,唱えた,まとめた,2,提案を受け入れる＝chấp nhận đề xuất,けんとうのけっかとりひきさきはとうしゃのていあんをうけいれた。,"Sau khi xem xét, đối tác đã chấp nhận đề xuất của công ty chúng tôi."
616,慣用句,会議・交渉,Reading,Section1,予算不足のため、その企画は一旦（　　　）ことになった。,提案を受け入れる,結論に至る,提案を見送る,合意を得る,3,提案を見送る＝tạm hoãn đề xuất,よさんぶそくのためそのきかくはいったんていあんをみおくることになった。,Do thiếu ngân sách nên kế hoạch đó tạm thời bị hoãn lại.
617,慣用句,会議・交渉,Reading,Section1,会議で一部の参加者が計画に（　　　）。,結論を出した,異議を唱えた,合意を得た,認識を共有した,2,"異議を唱える＝phản đối, nêu ý kiến phản bác",かいぎでいちぶのさんかしゃがけいかくにいぎをとなえた。,"Trong cuộc họp, một số người tham gia đã phản đối kế hoạch."
618,慣用句,会議・交渉,Reading,Section1,新制度については各部署から（　　　）ため再検討となった。,意見を述べる,反対意見が出る,合意を得る,議論を交わす,2,反対意見が出る＝xuất hiện ý kiến phản đối,しんせいどについてはかくぶしょからはんたいいけんがでるためさいけんとうとなった。,Vì có ý kiến phản đối từ các bộ phận nên chế độ mới sẽ được xem xét lại.
619,慣用句,会議・交渉,Reading,Section1,十分な議論を重ねた上で、最終的な（　　　）。,結論を出した,提案を見送った,異議を唱えた,意見が分かれた,1,結論を出す＝đưa ra kết luận,じゅうぶんなぎろんをかさねたうえでさいしゅうてきなけつろんをだした。,"Sau nhiều lần thảo luận kỹ lưỡng, cuối cùng đã đưa ra kết luận."
620,慣用句,会議・交渉,Reading,Section1,長時間の協議の末、ようやく（　　　）。,異議を唱えた,提案を受け入れた,結論に至った,議題に上げた,3,結論に至る＝đi đến kết luận,ちょうじかんのきょうぎのすえようやくけつろんにいたった。,"Sau thời gian dài thảo luận, cuối cùng cũng đi đến kết luận."
621,慣用句,会議・交渉,Reading,Section1,新規プロジェクトについて関係者全員の（　　　）ことができた。,異議を唱える,意見を述べる,合意を得る,提案を見送る,3,合意を得る＝nhận được sự đồng thuận,しんきぷろじぇくとについてかんけいしゃぜんいんのごういをえることができた。,Đã nhận được sự đồng thuận của tất cả những người liên quan đối với dự án mới.
622,慣用句,会議・交渉,Reading,Section1,発表前に各部署の意見を（　　　）必要がある。,意見をまとめる,異議を唱える,結論に至る,議題に上げる,1,意見をまとめる＝tổng hợp ý kiến,はっぴょうまえにかくぶしょのいけんをまとめるひつようがある。,"Trước khi 발표, cần tổng hợp ý kiến của các bộ phận."
623,慣用句,会議・交渉,Reading,Section1,新しい制度については賛否両論で（　　　）。,意見が分かれた,結論を出した,認識を共有した,提案を受け入れた,1,意見が分かれる＝ý kiến bị chia rẽ,あたらしいせいどについてはさんぴりょうろんでいけんがわかれた。,"Về chế độ mới, ý kiến đã bị chia thành nhiều luồng khác nhau."
624,慣用句,会議・交渉,Reading,Section1,プロジェクト開始前に関係者間で（　　　）ことが重要だ。,認識を共有する,異議を唱える,結論を出す,提案を見送る,1,認識を共有する＝chia sẻ nhận thức chung,ぷろじぇくとかいしまえにかんけいしゃかんでにんしきをきょうゆうすることがじゅうようだ。,"Trước khi bắt đầu dự án, điều quan trọng là phải thống nhất nhận thức giữa các bên liên quan."
625,慣用句,会議・交渉,Reading,Section1,今後の進め方について、まず（　　　）ことになった。,方向性を確認する,異議を唱える,意見が分かれる,結論に至る,1,方向性を確認する＝xác nhận phương hướng,こんごのすすめかたについてまずほうこうせいをかくにんすることになった。,"Trước tiên, các bên quyết định xác nhận phương hướng triển khai trong thời gian tới."
626,慣用句,会議・交渉,Reading,Section1,プロジェクト開始前に関係者全員で（　　　）ことになった。,方針を確認する,論点を整理する,承認を得る,協議を重ねる,1,"方針を確認する＝xác nhận chính sách, phương châm",ぷろじぇくとかいしまえにかんけいしゃぜんいんでほうしんをかくにんすることになった。,"Trước khi bắt đầu dự án, tất cả các bên liên quan đã quyết định xác nhận lại phương châm thực hiện."
627,慣用句,会議・交渉,Reading,Section1,効率的な議論を行うためには、まず（　　　）必要がある。,課題を洗い出す,着地点を探る,論点を整理する,歩み寄る,3,論点を整理する＝sắp xếp các luận điểm,こうりつてきなぎろんをおこなうためにはまずろんてんをせいりするひつようがある。,"Để thảo luận hiệu quả, trước tiên cần sắp xếp và làm rõ các luận điểm."
628,慣用句,会議・交渉,Reading,Section1,会議では現状の問題点を（　　　）ところから始めた。,調整を図る,課題を洗い出す,承認を得る,方針を確認する,2,課題を洗い出す＝liệt kê các vấn đề tồn đọng,かいぎではげんじょうのもんだいてんをかだいをあらいだすところからはじめた。,Cuộc họp bắt đầu bằng việc liệt kê các vấn đề tồn đọng hiện tại.
629,慣用句,会議・交渉,Reading,Section1,関係部署との意見の違いについて（　　　）ことが求められる。,着地点を探る,調整を図る,承認を得る,協議を重ねる,2,"調整を図る＝tìm cách điều chỉnh, dung hòa",かんけいぶしょとのいけんのちがいについてちょうせいをはかることがもとめられる。,Cần tìm cách điều chỉnh và dung hòa sự khác biệt ý kiến giữa các bộ phận liên quan.
630,慣用句,会議・交渉,Reading,Section1,交渉を前進させるためには、お互いに少しずつ（　　　）必要がある。,歩み寄る,課題を洗い出す,承認を得る,論点を整理する,1,"歩み寄る＝nhượng bộ, tiến lại gần quan điểm đối phương",こうしょうをぜんしんさせるためにはおたがいにすこしずつあゆみよるひつようがある。,"Để thúc đẩy đàm phán tiến triển, cả hai bên cần nhượng bộ lẫn nhau."
631,慣用句,会議・交渉,Reading,Section1,双方が納得できる（　　　）ため、話し合いを続けた。,協議を重ねる,承認を得る,着地点を探る,方針を確認する,3,着地点を探る＝tìm điểm kết thúc hợp lý,そうほうがなっとくできるちゃくちてんをさぐるためはなしあいをつづけた。,Hai bên tiếp tục thảo luận để tìm ra điểm kết thúc hợp lý mà cả hai đều chấp nhận được.
632,慣用句,会議・交渉,Reading,Section1,重要案件のため、関係者は何度も（　　　）。,課題を洗い出した,協議を重ねた,承認を得た,歩み寄った,2,協議を重ねる＝tiếp tục nhiều vòng thảo luận,じゅうようあんけんのためかんけいしゃはなんどもきょうぎをかさねた。,Vì là vấn đề quan trọng nên các bên liên quan đã nhiều lần thảo luận.
633,慣用句,会議・交渉,Reading,Section1,取締役会までに（　　　）必要がある。,最終案をまとめる,課題を洗い出す,歩み寄る,論点を整理する,1,最終案をまとめる＝hoàn thiện phương án cuối cùng,とりしまりやくかいまでにさいしゅうあんをまとめるひつようがある。,Cần hoàn thiện phương án cuối cùng trước cuộc họp hội đồng quản trị.
634,慣用句,会議・交渉,Reading,Section1,プロジェクト開始には経営陣の（　　　）ことが不可欠だ。,調整を図る,承認を得る,着地点を探る,歩み寄る,2,承認を得る＝nhận được sự phê duyệt,ぷろじぇくとかいしにはけいえいじんのしょうにんをえることがふかけつだ。,"Để bắt đầu dự án, việc nhận được sự phê duyệt của ban lãnh đạo là điều không thể thiếu."
635,慣用句,会議・交渉,Reading,Section1,最終的には参加者全員の賛成で（　　　）。,論点を整理した,全会一致で決まった,協議を重ねた,承認を得た,2,全会一致で決まる＝được quyết định với sự nhất trí hoàn toàn,さいしゅうてきにはさんかしゃぜんいんのさんせいでぜんかいいっちできまった。,"Cuối cùng, quyết định đã được thông qua với sự nhất trí của tất cả người tham gia."
636,慣用句,価格・交渉,Reading,Section1,双方が納得できる（　　　）を探る必要がある。,顔色,足元,落としどころ,空気,3,落としどころを探る＝Tìm điểm dung hòa mà cả hai bên đều có thể chấp nhận.,そうほうがなっとくできるおとしどころをさぐるひつようがある。,Cần tìm điểm dung hòa mà cả hai bên đều có thể chấp nhận.
637,慣用句,価格・交渉,Reading,Section1,価格だけでなく納期についても（　　　）がついた。,手,折り合い,話,顔,2,"折り合いがつく＝Đạt được sự thỏa hiệp, thống nhất.",かかくだけでなくのうきについてもおりあいがついた。,Không chỉ giá cả mà cả thời hạn giao hàng cũng đã đạt được thỏa thuận.
638,慣用句,価格・交渉,Reading,Section1,追加料金を少し（　　　）いただけませんか。,顔を出して,手を抜いて,腰を据えて,色を付けて,4,色を付ける＝Ưu đãi thêm về giá hoặc điều kiện.,ついかりょうきんをすこしいろをつけていただけませんか。,Anh/chị có thể ưu đãi thêm một chút về giá được không.
639,慣用句,価格・交渉,Reading,Section1,取引先は最後まで（　　　）ので、交渉が長引いた。,足を運んだ,ごねた,顔を出した,勉強した,2,"ごねる＝Mè nheo, cố tình không chịu nhượng bộ.",とりひきさきはさいごまでごねたので、こうしょうがながびいた。,Đối tác cứ mè nheo đến cuối nên cuộc đàm phán kéo dài.
640,慣用句,価格・交渉,Reading,Section1,店長は常連客だったので、少し（　　　）くれた。,ごねって,話になって,足元を見て,おまけして,4,おまけする＝Tặng thêm hoặc bớt thêm như một ưu đãi.,てんちょうはじょうれんきゃくだったので、すこしおまけしてくれた。,Vì là khách quen nên cửa hàng đã ưu đãi thêm một chút.
641,慣用句,価格・交渉,Reading,Section1,今回は特別に価格を（　　　）させていただきます。,駆け引き,話,勉強,色,3,勉強する＝Giảm giá đặc biệt (cách nói của người bán).,こんかいはとくべつにかかくをべんきょうさせていただきます。,Lần này chúng tôi xin giảm giá đặc biệt.
642,慣用句,価格・交渉,Reading,Section1,相手は当社の事情を知ったうえで（　　　）としている。,腰を据えよう,足元を見よう,顔を立てよう,口を挟もう,2,足元を見る＝Lợi dụng điểm yếu hoặc hoàn cảnh khó khăn của đối phương.,あいてはとうしゃのじじょうをしったうえであしもとをみようとしている。,Đối phương biết hoàn cảnh của công ty chúng ta và đang định lợi dụng điều đó.
643,慣用句,価格・交渉,Reading,Section1,今回は特別に価格を（　　　）させていただきます。,駆け引き,話,勉強,色,3,勉強する＝Giảm giá đặc biệt (cách nói của người bán).,こんかいはとくべつにかかくをべんきょうさせていただきます。,Lần này chúng tôi xin giảm giá đặc biệt.
644,慣用句,価格・交渉,Reading,Section1,交渉では感情的にならず、冷静に（　　　）ことが大切だ。,口を挟む,顔を出す,駆け引きする,腰を抜かす,3,"駆け引きする＝Thương lượng, đấu trí trong đàm phán.",こうしょうではかんじょうてきにならず、れいせいにかけひきすることがたいせつだ。,"Trong đàm phán, điều quan trọng là bình tĩnh đấu trí."
645,慣用句,価格・交渉,Reading,Section1,相手は当社の事情を知ったうえで（　　　）としている。,腰を据えよう,足元を見よう,顔を立てよう,口を挟もう,2,足元を見る＝Lợi dụng điểm yếu hoặc hoàn cảnh khó khăn của đối phương.,あいてはとうしゃのじじょうをしったうえであしもとをみようとしている。,Đối phương biết hoàn cảnh của công ty chúng ta và đang định lợi dụng điều đó.
646,慣用句,社内・人間関係,Reading,Section1,営業部の部長は業界で（　　　）ため、多くの企業とつながりがある。,顔が広い,話を通す,一枚かむ,顔を立てる,1,"顔が広い＝Có nhiều mối quan hệ, quen biết rộng.",えいぎょうぶのぶちょうはぎょうかいでかおがひろいため、おおくのきぎょうとつながりがある。,Trưởng phòng kinh doanh có nhiều mối quan hệ trong ngành nên quen biết nhiều doanh nghiệp.
647,慣用句,社内・人間関係,Reading,Section1,取引先の面子を（　　　）ことも、円滑な交渉には重要だ。,刺す,回す,立てる,割る,3,顔を立てる＝Giữ thể diện cho đối phương.,とりひきさきのめんつをかおをたてることも、えんかつなこうしょうにはじゅうようだ。,Giữ thể diện cho đối tác cũng rất quan trọng để cuộc đàm phán diễn ra suôn sẻ.
648,慣用句,社内・人間関係,Reading,Section1,正式に提案する前に、関係部署へ（　　　）おいた。,釘を刺して,手を回して,根回しして,一枚かんで,3,"根回しをする＝Trao đổi, chuẩn bị trước với những người liên quan để tạo sự đồng thuận.",せいしきにていあんするまえに、かんけいぶしょへねまわししておいた。,"Trước khi chính thức đề xuất, tôi đã trao đổi trước với các bộ phận liên quan."
649,慣用句,社内・人間関係,Reading,Section1,同じミスを繰り返さないように、部下に（　　　）。,顔を立てた,手を回した,話を通した,釘を刺した,4,"釘を刺す＝Nhắc nhở, cảnh báo trước để tránh lặp lại sai sót.",おなじミスをくりかえさないように、ぶかにくぎをさした。,"Để tránh lặp lại sai sót, tôi đã nhắc nhở nhân viên trước."
650,慣用句,社内・人間関係,Reading,Section1,出張の日程について、念のためもう一度（　　　）おいた。,顔を立てて,念を押して,一枚かんで,足を引っ張って,2,念を押す＝Nhắc lại để xác nhận cho chắc chắn.,しゅっちょうのにっていについて、ねんのためもういちどねんをおしておいた。,"Để chắc chắn, tôi đã xác nhận lại một lần nữa về lịch công tác."
651,慣用句,社内・人間関係,Reading,Section1,この件はすでに社長にも（　　　）ので、ご安心ください。,釘を刺してある,話を通してある,足を引っ張っている,顔が広い,2,話を通す＝Báo trước hoặc xin ý kiến người có liên quan trước khi tiến hành.,このけんはすでにしゃちょうにもはなしをとおしてあるので、ごあんしんください。,Việc này tôi đã báo trước với giám đốc rồi nên xin cứ yên tâm.
652,慣用句,社内・人間関係,Reading,Section1,今回の新規事業には、営業部も（　　　）ことになった。,話を通す,釘を刺す,一枚かむ,顔を立てる,3,"一枚かむ＝Tham gia, góp phần vào một kế hoạch hoặc dự án.",こんかいのしんきじぎょうには、えいぎょうぶもいちまいかむことになった。,Lần này phòng kinh doanh cũng sẽ tham gia vào dự án mới.
653,慣用句,社内・人間関係,Reading,Section1,トラブルになる前に、関係部署へ（　　　）おいた。,腹を割って話して,足を引っ張って,一枚岩になって,手を回して,4,"手を回す＝Chuẩn bị, sắp xếp hoặc xử lý trước để mọi việc diễn ra thuận lợi.",トラブルになるまえに、かんけいぶしょへてをまわしておいた。,"Trước khi xảy ra sự cố, tôi đã thu xếp trước với các bộ phận liên quan."
654,慣用句,社内・人間関係,Reading,Section1,誤解を解くために、一度（　　　）必要がある。,手を回す,腹を割って話す,一枚かむ,顔を立てる,2,"腹を割って話す＝Nói chuyện thẳng thắn, chân thành, không giấu ý.",ごかいをとくために、いちどはらをわってはなすひつようがある。,"Để giải quyết hiểu lầm, cần có một lần nói chuyện thẳng thắn với nhau."
655,慣用句,社内・人間関係,Reading,Section1,自分のミスでチームの（　　　）ことだけは避けたい。,手を回す,話を通す,足を引っ張る,顔を立てる,3,足を引っ張る＝Cản trở hoặc làm ảnh hưởng xấu đến người khác hoặc cả tập thể.,じぶんのミスでチームのあしをひっぱることだけはさけたい。,Tôi chỉ không muốn vì lỗi của mình mà làm ảnh hưởng đến cả đội.
656,慣用句,社内・人間関係,Reading,Section1,この難局を乗り越えるには、社員全員が（　　　）ことが大切だ。,念を押す,一枚かむ,顔が広い,一枚岩になる,4,"一枚岩になる＝Đoàn kết thành một khối, cùng chung mục tiêu.",このなんきょくをのりこえるには、しゃいんぜんいんがいちまいいわになることがたいせつだ。,"Để vượt qua giai đoạn khó khăn này, điều quan trọng là toàn thể nhân viên phải đoàn kết thành một khối."
657,慣用句,仕事・業務,Reading,Section1,前任者のミスを（　　　）のも、管理職の大切な仕事だ。,手を抜く,音頭を取る,尻拭いをする,腰を据える,3,"尻拭いをする＝Dọn dẹp, xử lý hậu quả do người khác gây ra.",ぜんにんしゃのミスをしりぬぐいをするのも、かんりしょくのたいせつなしごとだ。,Việc xử lý hậu quả do người tiền nhiệm gây ra cũng là nhiệm vụ quan trọng của cấp quản lý.
658,慣用句,仕事・業務,Reading,Section1,問題が大きくなる前に、早めに（　　　）必要がある。,見切りをつける,手を打つ,腰が重い,手を抜く,2,手を打つ＝Nhanh chóng đưa ra biện pháp đối phó.,もんだいがおおきくなるまえに、はやめにてをうつひつようがある。,Cần nhanh chóng có biện pháp trước khi vấn đề trở nên nghiêm trọng.
659,慣用句,仕事・業務,Reading,Section1,問い合わせが多すぎて、一人では（　　　）。,手を回す,手が回らない,手を打たない,手を抜かない,2,手が回らない＝Quá bận nên không thể xử lý hết công việc.,といあわせがおおすぎて、ひとりではてがまわらない。,Có quá nhiều yêu cầu nên một mình tôi xử lý không xuể.
660,慣用句,仕事・業務,Reading,Section1,品質管理では決して（　　　）ではいけない。,手を打って,腹をくくって,見切りをつけて,手を抜いて,4,"手を抜く＝Làm qua loa, không làm hết khả năng.",ひんしつかんりではけっしててをぬいてではいけない。,Trong quản lý chất lượng tuyệt đối không được làm qua loa.
661,慣用句,仕事・業務,Reading,Section1,新しい業務になかなか取りかからないのは、少し（　　　）からだ。,荷が重い,腰が重い,腹をくくる,腰を据える,2,"腰が重い＝Chậm hành động, khó bắt đầu việc mới.",あたらしいぎょうむになかなかとりかからないのは、すこしこしがおもいからだ。,Sở dĩ mãi không bắt tay vào công việc mới là vì còn khá chần chừ.
662,慣用句,仕事・業務,Reading,Section1,責任者として、この案件は最後まで（　　　）しかない。,見切りをつける,尻拭いをする,腹をくくる,手を打つ,3,腹をくくる＝Quyết tâm chấp nhận và làm đến cùng.,せきにんしゃとして、このあんけんはさいごまではらをくくるしかない。,"Với tư cách người chịu trách nhiệm, chỉ còn cách quyết tâm theo đến cùng vụ việc này."
663,慣用句,仕事・業務,Reading,Section1,利益が見込めないため、その事業は（　　　）ことにした。,腰を据える,見切りをつける,音頭を取る,手を抜く,2,見切りをつける＝Từ bỏ sau khi nhận thấy không còn triển vọng.,りえきがみこめないため、そのじぎょうはみきりをつけることにした。,Vì không còn triển vọng sinh lời nên công ty quyết định từ bỏ dự án đó.
664,慣用句,仕事・業務,Reading,Section1,経験の浅い私には、そのプロジェクトは少し（　　　）。,底をつく,手が回らない,荷が重い,腰が重い,3,荷が重い＝Vượt quá khả năng hoặc trách nhiệm hiện tại.,けいけんのあさいわたしには、そのプロジェクトはすこしにがおもい。,"Với kinh nghiệm còn ít, dự án đó hơi quá sức đối với tôi."
665,慣用句,仕事・業務,Reading,Section1,長引く円安の影響で、会社の資金も（　　　）始めた。,荷が重く,底をつき,腰を据え,手を打ち,2,"底をつく＝Cạn kiệt, hết sạch.",ながびくえんやすのえいきょうで、かいしゃのしきんもそこをつきはじめた。,"Do ảnh hưởng của đồng yên mất giá kéo dài, nguồn vốn của công ty cũng bắt đầu cạn kiệt."
666,慣用句,仕事・業務,Reading,Section1,新しい市場の開拓には、長期的な視点で（　　　）取り組む必要がある。,見切りをつけて,手を抜いて,腰を据えて,腰が重く,3,"腰を据える＝Kiên trì, tập trung làm nghiêm túc trong thời gian dài.",あたらしいしじょうのかいたくには、ちょうきてきなしてんでこしをすえてとりくむひつようがある。,"Để khai thác thị trường mới, cần kiên trì thực hiện với tầm nhìn dài hạn."
667,慣用句,仕事・業務,Reading,Section1,今回の社内改革は、社長自ら（　　　）進められた。,手を打って,腹をくくって,尻拭いをして,音頭を取って,4,"音頭を取る＝Đứng ra khởi xướng, dẫn dắt mọi người.",こんかいのしゃないかいかくは、しゃちょうみずからおんどをとってすすめられた。,Cuộc cải tổ nội bộ lần này do chính giám đốc đứng ra dẫn dắt.
668,慣用句,仕事・業務,Reading,Section1,この製品の品質については、専門家も（　　　）。,手を打っている,手を抜いている,太鼓判を押している,音頭を取っている,3,"太鼓判を押す＝Đánh giá rất cao, bảo đảm chắc chắn.",このせいひんのひんしつについては、せんもんかもたいこばんをおしている。,Ngay cả các chuyên gia cũng đánh giá rất cao chất lượng của sản phẩm này.
669,慣用句,仕事・業務,Reading,Section1,新商品のヒットには、SNSでの宣伝も（　　　）。,荷が重かった,一役買った,腰が重かった,底をついた,2,一役買う＝Đóng góp một phần quan trọng vào thành công của việc gì đó.,しんしょうひんのヒットには、エスエヌエスでのせんでんもひとやくかった。,Việc quảng bá trên mạng xã hội cũng góp phần quan trọng vào thành công của sản phẩm mới.
670,慣用句,状況・トラブル,Reading,Section1,不用意な発言が原因で、社内に（　　　）ことになってしまった。,話を流す,波風を立てる,火消しに回る,丸く収める,2,波風を立てる＝Gây mâu thuẫn hoặc làm tình hình trở nên căng thẳng.,ふよういなはつげんがげんいんで、しゃないになみかぜをたてることになってしまった。,Một phát ngôn thiếu thận trọng đã gây ra mâu thuẫn trong công ty.
671,慣用句,状況・トラブル,Reading,Section1,担当者同士の意見が対立し、話が（　　　）しまった。,話が大きくなって,話がこじれて,丸く収まって,棚上げになって,2,"話がこじれる＝Sự việc trở nên rắc rối, khó giải quyết.",たんとうしゃどうしのいけんがたいりつし、はなしがこじれてしまった。,Ý kiến giữa các bên phụ trách đối lập nhau khiến sự việc trở nên rắc rối.
672,慣用句,状況・トラブル,Reading,Section1,双方が歩み寄った結果、問題は（　　　）。,火消しに回った,波風を立てた,丸く収まった,話が大きくなった,3,丸く収まる＝Được giải quyết ổn thỏa.,そうほうがあゆみよったけっか、もんだいはまるくおさまった。,"Sau khi hai bên nhượng bộ, vấn đề đã được giải quyết ổn thỏa."
673,慣用句,状況・トラブル,Reading,Section1,結論が出なかったため、この議題はいったん（　　　）ことになった。,白紙に戻す,話を流す,火消しに回る,棚上げにする,4,棚上げにする＝Tạm gác lại để xử lý sau.,けつろんがでなかったため、このぎだいはいったんたなあげにすることになった。,Vì chưa thể đi đến kết luận nên chủ đề này tạm thời được gác lại.
674,慣用句,状況・トラブル,Reading,Section1,SNSで誤った情報が拡散し、広報担当は（　　　）ことになった。,話を流す,火消しに回る,丸く収める,泣き寝入りする,2,"火消しに回る＝Đứng ra xử lý khủng hoảng, dập tin xấu.",エスエヌエスであやまったじょうほうがかくさんし、こうほうたんとうはひけしにまわることになった。,Thông tin sai lan truyền trên mạng xã hội khiến bộ phận truyền thông phải đứng ra xử lý khủng hoảng.
675,慣用句,状況・トラブル,Reading,Section1,契約条件で合意できず、計画はいったん（　　　）ことになった。,棚上げにする,白紙に戻す,話を流す,丸く収める,2,白紙に戻す＝Hủy bỏ hoàn toàn và đưa về trạng thái ban đầu.,けいやくじょうけんでごういできず、けいかくはいったんはくしにもどすことになった。,Do không thể thống nhất điều kiện hợp đồng nên kế hoạch đã bị hủy bỏ hoàn toàn.
676,慣用句,状況・トラブル,Reading,Section1,原材料価格の高騰に（　　　）企業が増えている。,空気が重く,重箱の隅をつつかれて,泣かされる,うわさでもちきりだ,3,泣かされる＝Bị hoàn cảnh hoặc yếu tố bên ngoài làm lao đao.,げんざいりょうかかくのこうとうになかされるきぎょうがふえている。,Ngày càng nhiều doanh nghiệp lao đao vì giá nguyên vật liệu tăng cao.
677,慣用句,状況・トラブル,Reading,Section1,社内ではその不祥事の話で（　　　）だった。,うわさでもちきり,空気が重い,話が大きくなる,火消しに回る,1,うわさでもちきりだ＝Đâu đâu cũng chỉ bàn tán về một chủ đề.,しゃないではそのふしょうじのはなしでうわさでもちきりだった。,Trong công ty đâu đâu cũng bàn tán về vụ bê bối đó.
678,慣用句,状況・トラブル,Reading,Section1,会議では誰も発言せず、終始（　　　）。,話がこじれた,空気が重かった,波風を立てた,棚上げにした,2,"空気が重い＝Bầu không khí căng thẳng, nặng nề.",かいぎではだれもはつげんせず、しゅうしくうきがおもかった。,"Trong cuộc họp, không ai phát biểu nên bầu không khí rất nặng nề."
679,慣用句,状況・トラブル,Reading,Section1,事実を確認しないまま話したため、話が（　　　）。,火消しに回った,話を流した,話が大きくなった,丸く収まった,3,"話が大きくなる＝Câu chuyện bị thổi phồng, ngày càng nghiêm trọng.",じじつをかくにんしないままはなしたため、はなしがおおきくなった。,Vì nói khi chưa xác minh sự thật nên câu chuyện ngày càng bị thổi phồng.
680,慣用句,状況・トラブル,Reading,Section1,相手の失礼な発言には反論せず、その場では（　　　）。,泣き寝入りした,白紙に戻した,重箱の隅をつついた,話を流した,4,"話を流す＝Bỏ qua, không đào sâu hoặc không tiếp tục tranh luận.",あいてのしつれいなはつげんにははんろんせず、そのばでははなしをながした。,"Trước phát ngôn thiếu lịch sự của đối phương, tôi không phản bác mà bỏ qua ngay lúc đó."
681,慣用句,状況・トラブル,Reading,Section1,相手の小さなミスばかり（　　　）のは建設的ではない。,重箱の隅をつつく,波風を立てる,話を流す,火消しに回る,1,"重箱の隅をつつく＝Bới móc những lỗi nhỏ nhặt, không quan trọng.",あいてのちいさなミスばかりじゅうばこのすみをつつくのはけんせつてきではない。,Chỉ chăm chăm bới móc những lỗi nhỏ của đối phương thì không mang tính xây dựng.
682,慣用句,状況・トラブル,Reading,Section1,証拠が不足していたため、結局は（　　　）しかなかった。,火消しに回る,話を流す,泣き寝入りする,白紙に戻す,3,"泣き寝入りする＝Đành chịu thiệt, không thể phản kháng hay đòi lại quyền lợi.",しょうこがふそくしていたため、けっきょくはなきねいりするしかなかった。,Vì thiếu bằng chứng nên cuối cùng chỉ còn biết chịu thiệt.
683,慣用句,行動・判断,Reading,Section1,久しぶりに取引先へ（　　　）ところ、担当者にも喜ばれた。,耳が痛い,顔を出した,口を挟んだ,二の足を踏んだ,2,"顔を出す＝Đến ghé thăm, xuất hiện tại một nơi.",ひさしぶりにとりひきさきへかおをだしたところ、たんとうしゃにもよろこばれた。,Lâu ngày ghé thăm đối tác nên người phụ trách cũng rất vui.
684,慣用句,行動・判断,Reading,Section1,現場の状況を確認するため、自ら工場へ（　　　）。,足を運んだ,顔を出した,口を利いた,口を挟んだ,1,足を運ぶ＝Đích thân đến tận nơi.,げんばのじょうきょうをかくにんするため、みずからこうじょうへあしをはこんだ。,"Để xác nhận tình hình thực tế, tôi đã đích thân đến nhà máy."
685,慣用句,行動・判断,Reading,Section1,部下同士の議論に上司まで（　　　）必要はない。,耳が痛い,話にならない,口を挟む,顔を出す,3,"口を挟む＝Chen vào, xen vào cuộc nói chuyện.",ぶかどうしのぎろんにじょうしまでくちをはさむひつようはない。,Không cần đến cả cấp trên cũng xen vào cuộc tranh luận của cấp dưới.
686,慣用句,行動・判断,Reading,Section1,上司からの指摘は（　　　）が、改善には必要だ。,話にならない,耳が痛い,言語道断,口が堅い,2,"耳が痛い＝Khó nghe nhưng đúng, chạm đúng khuyết điểm.",じょうしからのしてきはみみがいたいが、かいぜんにはひつようだ。,Những góp ý của cấp trên tuy khó nghe nhưng cần thiết để cải thiện.
687,慣用句,行動・判断,Reading,Section1,機密情報を扱う仕事なので、（　　　）人でなければならない。,口を利く,口が堅い,口を滑らせる,首を突っ込む,2,口が堅い＝Biết giữ bí mật.,きみつじょうほうをあつかうしごとなので、くちがかたいひとでなければならない。,Vì làm công việc liên quan đến thông tin mật nên phải là người biết giữ bí mật.
688,慣用句,行動・判断,Reading,Section1,そのような提案では（　　　）。,言語道断だ,耳が痛い,話にならない,一歩踏み出した,3,"話にならない＝Không đáng để bàn, không thể chấp nhận.",そのようなていあんでははなしにならない。,Với đề xuất như vậy thì không đáng để bàn.
689,慣用句,行動・判断,Reading,Section1,リスクが大きく、新規事業への投資には（　　　）。,腰を上げた,二の足を踏んだ,一歩踏み出した,首を突っ込んだ,2,"二の足を踏む＝Do dự, chần chừ không dám hành động.",リスクがおおきく、しんきじぎょうへのとうしにはにのあしをふんだ。,Do rủi ro lớn nên công ty còn do dự trong việc đầu tư vào dự án mới.
690,慣用句,行動・判断,Reading,Section1,他部署の仕事に必要以上に（　　　）のは避けたほうがいい。,一歩踏み出す,首を突っ込む,口を利く,顔を出す,2,首を突っ込む＝Không cần thiết nhưng vẫn xen vào chuyện của người khác.,たぶしょのしごとにひつよういじょうにくびをつっこむのはさけたほうがいい。,Nên tránh xen quá sâu vào công việc của bộ phận khác.
691,慣用句,行動・判断,Reading,Section1,いつまでも悩んでいないで、そろそろ（　　　）べきだ。,口を滑らせる,一線を引く,腰を上げる,耳が痛い,3,腰を上げる＝Bắt đầu hành động sau một thời gian chần chừ.,いつまでもなやんでいないで、そろそろこしをあげるべきだ。,"Đừng mãi do dự nữa, đã đến lúc bắt tay vào hành động."
692,慣用句,行動・判断,Reading,Section1,新しい分野へ（　　　）ことで、新たな可能性が広がった。,顔を出す,一歩踏み出す,口を挟む,口が堅い,2,一歩踏み出す＝Dũng cảm bước bước đầu tiên.,あたらしいぶんやへいっぽふみだすことで、あらたなかのうせいがひろがった。,Nhờ mạnh dạn bước sang lĩnh vực mới mà nhiều cơ hội đã mở ra.
693,慣用句,行動・判断,Reading,Section1,仕事と私生活は（　　　）ことも大切だ。,首を突っ込む,口を利く,口を滑らせる,一線を引く,4,一線を引く＝Phân định ranh giới rõ ràng.,しごととしせいかつはいっせんをひくこともたいせつだ。,Việc phân định rõ ràng giữa công việc và cuộc sống cá nhân cũng rất quan trọng.
694,慣用句,行動・判断,Reading,Section1,酒の席で機密情報を（　　　）しまい、大問題になった。,口を利いて,口を滑らせて,首を突っ込んで,足を運んで,2,口を滑らせる＝Lỡ miệng nói ra điều không nên nói.,さけのせきできみつじょうほうをくちをすべらせてしまい、だいもんだいになった。,"Trong buổi nhậu, anh ấy lỡ miệng tiết lộ thông tin mật nên đã gây ra vấn đề lớn."
695,慣用句,行動・判断,Reading,Section1,部長に（　　　）もらったおかげで、取引先との面会が実現した。,顔を出して,口を利いて,口を挟んで,二の足を踏んで,2,"口を利く＝Đứng ra nói giúp, làm trung gian hoặc giới thiệu giúp.",ぶちょうにくちをきいてもらったおかげで、とりひきさきとのめんかいがじつげんした。,Nhờ trưởng phòng đứng ra nói giúp nên buổi gặp với đối tác đã được sắp xếp.
696,慣用句,行動・判断,Reading,Section1,そのような差別的な発言は（　　　）。,耳が痛い,話にならない,言語道断だ,口が堅い,3,"言語道断＝Hoàn toàn không thể chấp nhận, quá đáng.",そのようなさべつてきなはつげんはごんごどうだんだ。,Những phát ngôn mang tính phân biệt như vậy là hoàn toàn không thể chấp nhận được.
